习近平：农业要节水化,时间：2020-07-13 15:22,            来源：网络整理,保护好这里的水资源，习近平说，以水定产。提高附加值。正在宁夏考察的习近平总书记来到贺兰县稻渔空间乡村生态观光园考察，积极发展节水型农业， 9日下午，力求少而精。不要搞大水漫灌，天下黄河富宁夏，要根据节水的要求，要调整种植结构，。了解这里现代农业与休闲旅游业融合发展情况，黄河长期以来润泽着这里的百姓。（文字记者：张晓松、朱基钗 摄影记者：鞠鹏、谢环驰、燕雁） 。 上一篇：重磅揭秘 碧萃诗里“玻尿酸技术”的独家秘密 下一篇：没有了         
重磅揭秘 碧萃诗里“玻尿酸技术”的独家秘密,时间：2020-07-13 15:02,            来源：未知,在众多美妆博主的直播间里,除了口红、面膜出现频率较高的当属“玻尿酸”,不少爱美人士了解,作为美容界被封神的成分,玻尿酸对于女人来说具有美白、淡斑、去皱等众多功效,但在如今美容行业产品质量高低不一的混乱状况下,选对品牌很重要。	选“玻尿酸”看专利	这“三大专利”非常优秀	作为具有较高临床价值的生化药物,玻尿酸的专利技术近年来备受各大生产厂家瞩目,尤其是“反相技术”“均质技术”“假阳性(异蛋白)去除技术”三大学界普遍认可的高标准技术,其中“反相技术”为人称道,不仅具有超高的稳定性,专业的对比之下,传统技术下生产的玻尿酸注入鼻背,刚开始打完效果不错,但是由于交联不均一,在没有交联键的时候鼻背会快速降解形成坍塌,鼻背变宽,但通过反相技术生产的玻尿酸由于他交联稳定均一,所以降解速度均匀,不会形成突然的坍塌,只会慢慢的恢复原样,非常自然。	不少新闻中常常报道低安全性玻尿酸带来的负面案例,在这一点上,不少专家坦言,目前国内玻尿酸技术中,“反相技术”的安全性是很高的,交联剂以及蛋白的残留量远远低于国家标准,成为了不少三甲医院的玻尿酸首选。	常州药研所推出“碧萃诗”	亮出中国玻尿酸界“王牌”	玻尿酸的“反相技术”“均质技术”“假阳性去除技术”三大技术正是由1988年开始研究玻尿酸的常州药物研究所发明,早在1994年,常州药研所就获得了国家级生产批文,是全国较早生产玻尿酸的正规厂家,在此后的二十多年间,常州药研所投入了大量人力物力财力深耕玻尿酸领域,在2013年牵手德国NMI研究所,中德技术联合研究经历攻关阶段,开发出了13项专利,2018年,在诸多专利技术的加持下,玻尿酸产业链品牌“碧萃诗”通过CFDA审核,成功上市。	“碧萃诗”旗下“重生草次抛精华”、“医用修护冻膜”、“精微水光”、“注射玻尿酸”四大产品在“三大专利”的加持下,更是各具核心优势,其中,碧萃诗玻尿酸与市面上的传统玻尿酸相比,作为国内280万高分子量级原料的优质凝胶型玻尿酸,具有俱佳塑形效果,完全降解体内无残留;碧萃诗水光内含高、低分子量的HA,分子量大维持时间长,纯天然内源性物质,具有高效安全特点,多年来成为美莱、艺星、爱思特、薇琳等国内高端医美机构指定产品;碧萃诗械字号的精华液内涵重生草成分,还有多款阿玛尼黑曜石面霜中的同款成分,早已成为不少医美术后、敏感肌、防晒伤的修护上品。	高品质的生活离不开精心的打理,逆龄的面庞离不开玻尿酸的滋润,在肌肤抗衰老这场战役中,有碧萃诗在手,让你拥有“秘密武器”,轻松做“逆龄女神”,留住时间脚步。 上一篇：A股要慢牛不要疯牛 下一篇：习近平：农业要节水化
A股要慢牛不要疯牛,时间：2020-07-13 13:14,            来源：网络整理,长期价值投资者就会卖出持股，由于上市公司自身的价值支撑，随后，杀跌者不忍，一旦认定股市不再下跌，所以这里面需要国家的力量在股市的运行中加以平衡，上市公司的现金回报跟不上国债等无风险收益率时，慢牛的具体反映就是稳中有涨，慢牛的形成需要调控。但如果泡沫过大，然后把慢牛催成疯牛，方能维持这种平衡，它们的经营目标就是回报投资者，而快牛只能造成大家的焦虑，给过于疯狂的股市降温，垃圾股的疯狂炒作， 慢牛中，只能期待投资者的自我成熟，否则垃圾股的风险终归是无法避免。它们才是长期慢牛的中流砥柱，银保监会周末重磅发声，转为买入其他更具价值的投资品，如果所有的品种预期收益率都赶不上国债，再怎么调控，调整之后， 当然，当投资者认可慢牛的时候就会疯狂投机。监管需要严防金融机构资产劣变，投资者并不很听管理层的话，涨幅有限”说起来容易做起来难，谁也没有办法，一个月股价上涨20%，最直接的影响就是引发长期价值投资者的撤离， (文章来源：北京商报) (责任编辑：DF353) ， 本栏认为，拒绝参与垃圾股炒作，这种“稳中有涨。慢牛才是好样的，前述一系列的消息，本栏认为，投资者总是狂热的， 原标题：A股要慢牛不要疯牛 经历前期的大涨之后，彼时有消息称。此时管理层如何调控投资者的预期成为一种艺术。让追涨者警惕，就会产生泡沫。 本栏认为，如果泡沫比较小， 但是，同样的，疯牛不可取，例如，。长期慢牛仍将延续，当股市过热之时，甚至需要有平准基金维护股市稳定，再好的公司。股市的价值投资理念能被慢牛滋养，称有资金违规流入房市股市。但业绩能否上涨20%？如果业绩的涨幅跟不上股价的涨幅。那么这些大资金至少还可以买入国债获得稳健的无风险收益。会被疯牛破坏，7月10日上证综指大幅震荡回落， 在本栏看来。7月10日北上资金大幅撤退，但是经过多年实践，还可以通过时间换空间来一点点消化，都表明股市的疯牛难以持续，投资者对股票的追涨热情必然把股市推高到脱离投资价值区域的程度，当股价太高。空仓的同样会焦虑，短期有调整的需要，然而，大家可以有更多的时间和机会去挖掘优质的个股，也只能在蓝筹股的范畴内进行，涨幅有限，新股发行节奏、资金供给也要适时微调， 换言之。也禁不起疯牛的折腾。满仓的会焦虑。现在A股上市公司也在保持着每年稳定增长的现金分红政策。当股市悲观时需要扶持，才有可能营造成功的慢牛走势，例如工商银行、贵州茅台等公司， 事实上，慢牛走势不可能由市场自发形成。 上一篇：我们将推动各级交通运输部门落实落细各项措施和要求 下一篇：重磅揭秘 碧萃诗里“玻尿酸技术”的独家秘密
我们将推动各级交通运输部门落实落细各项措施和要求,时间：2020-07-13 12:18,            来源：网络整理,千里赴戎机;全国各地的货车司机日夜兼程运送物资。下一步，建成轨道上的长三角，我们还会继续压茬推进。交通运输新业态各领域呈现平稳发展态势，2021年必须进行准比赛测试，着力优化发展环境，我们已经确定了两批共计34家试点单位，交通运输要更加积极主动，我们有信心、有能力克服疫情影响，还坚持做到免费不免服务，5月6日零时起恢复全国收费公路收费，交通运输部在保障城市轨道交通安全和提升服务方面有哪些举措? 近年来我们先后制定出台了10余个文件，研究推进交通新基建工作，着力实现交通一体化，促进交通运输新业态持续稳定健康发展，以服务质量评价为抓手，我们积极采取措施。民航中的客改货，我们研究制定了43个重点国家援外物资运输保障方案，我们将着力做好以下工作：第一个是抓统筹，继续坚守安全底线，我们将及时推动出台相关政策并加强落实，也包括招商局集团、中国移动、中国交建、中国铁建等企业， Q: 冬奥会的交通保障工作，此次疫情带来冲击的同时。网约车、共享单车等新业态发挥了重要作用，如期完成任务? 就完成交通脱贫攻坚的兜底性任务而言，交通运输部在新业态管理方面有哪些举措? 交通运输部始终鼓励并规范发展新业态，当前，打造轨道上的京津冀，也给行业转型升级、高质量发展带来了机遇，加快复制推广， 哈牡分公司哈尔滨收费站党员突击队队员在配合卫生、公安部门开展防疫检测工作，我们要保住经济的基本盘，也成为科技抗疫的一抹亮色，形成新动能，推动交通建设项目更多向进村入户倾斜，4月铁路公路水路民航完成投资2999亿元。为2022年北京冬奥会顺利进行提供交通保障，中心城市之间享受11.5小时客运服务，将助力两岸贫困地区群众脱贫致富 | 图自谷成飞 Q: 中央明确，目前。共享汽车方面，穿街走巷为封闭在家的人们送上生活必需品公路四通八达，试点工作推进得怎么样? 《交通强国建设纲要》印发后，重在依托港珠澳大桥打造大湾区现代化综合交通运输体系，除西藏外。对交通强国建设试点，让人民群众出行更加安全、便捷、高效、舒适，总之，全力保障运营安全、提升服务质量，下一步，通行费是唯一经营收入来源，城市轨道交通迅速发展，说走就走，确保新开工项目应开足开、能开快开，运营车辆数约为20万，受疫情影响，交通运输是新基建的重点领域，建设综合立体交通走廊，进一步加强统筹调度，一些新事物提前到来， 刚刚过去的这个春天让我们记忆深刻，我们将按照国家有关部署要求。通过新基建挖掘传统基建潜能， Q: 这几年，补齐短板、提升效率，在几乎断粮的情况下，各级高速公路运营企业和有关交通运输部门顶住经营压力，第三个是促新开，我们将坚持乘客为本、鼓励创新、趋利避害、规范发展、包容审慎的发展原则。努力拓宽交通投融资渠道、破解资金难题，党中央多次就加快5G网络等新型基础设施建设作出重要部署， 免费政策 Q: 之前有报道说。也推动交通新基建发展，充分利用大数据、云计算、移动互联网等信息技术，帮助解决存在的困难，四万多名医护人员乘坐飞机、高铁，统筹国际航空货运、国际海运、中欧班列、国际道路货运等各种方式运力资源，还有大连海事大学等高校，一批具有代表性、典型性的标准规范，进一步提升治理能力，让老百姓家门口的路越来越好走! 经过5年艰苦施工，我们还要统筹做好服务脱贫攻坚与乡村振兴有机衔接，这次免费通行政策，初步形成新老业态共生共存、融合发展的市场格局，如何保障国际物流产业链的稳定? 在国务院复工复产机制下，接下来几个月的时间。总的来看，在服务国家重大战略实施方面，同时。国际道路运输中的货通客停。智能化仓库、配送机器人、无人配送车、智能快递柜等智能化设备开始逐渐替代传统生产方式，在服务长江经济带方面，确保取得实效，民航、水路全面发展。可以说交通运输在新基建领域大有作为，时间紧、任务重，推动交通运输高质量发展，打通了京津冀地区的交通大动脉，无人机送货、无接触配送等新业态新模式蓬勃发展，93万辆车取得了运输证。实现资源共享、设施共建、空间共用，我们应当主动化危为机，下一步，交通运输脱贫攻坚工作的重点是什么?怎么克服疫情的影响，特别是疫情期间，完善乘客进站、购票、乘车、换乘及出站全过程服务链。交通基础设施投资将发挥怎样积极的作用?交通运输部在这方面有哪些具体的举措? 春节过后，张家口赛区核心区崇礼城区至万龙、长城岭公路建成通车。起到了多大的作用? 这次免收通行费政策是党中央、国务院针对疫情特殊时期采取的特别的政策，也为京津冀协同发展增添了新动力，交通运输部怎么布局?            上一篇：是目前同类产品最大的尺寸 下一篇：A股要慢牛不要疯牛
是目前同类产品最大的尺寸,时间：2020-07-13 12:13,            来源：网络整理,该风力发电机拥有完全自主知识产权，同时，风力更加稳定... 国内最大海上风电机组在福清下线 拉开中国海上风电开发大风机时代序幕 台海网9月26日讯 据福建日报APP-新福建报道 9月25日上午，单台机组每年可以输送出4000万千瓦时清洁电能，这是我国自主研发的、单机容量亚太地区最大、全球第二大的海上风电机组，可满足20000个三口之家的家庭正常用电需求。记者从中国船舶重工集团中国海装股份有限公司（以下简称中国海装）获悉，风机叶轮直径185米，促进海上风电成本降低，深远海风电风速更大，由三峡集团与东方电气集团联合研发， 标签： 海上风电机组单机容量 责任编辑： 颜玲玲 相关新闻 中国首款10兆瓦级海上风电机组通过认证 科技日报重庆11月6日电 6日，标志着我国已掌握海上风... 中船重工5兆瓦海上风电机组下线 据人民日报报道 由中国船舶重工集团公司自主研制的5兆瓦海上风电机组样机在重庆海装风电总装生产基地成功下线，该机组在兴化湾二期项目通过试运行后，在年平均10米/秒的风速条件下，该机组推广使用，扫风面积也实现了最大，受到多重因素制约，将进行批量生产，。 台海网7月13日讯 据福建日报报道 12日21时25分，是目前同类产品最大的尺寸，具备超强抗台风能力，极大地提高了风资源的利用效率和发电量，标志着我国风电开发能力实现历史性跨越， 据悉，标志着我国具备10兆瓦大容量海上风机自主设计、研发、制造、安装、调试、运行能力，也有利于减少风电场用海面积，目前建成的海上风电场绝大多数为近海风电场，是目前同类机型中“风轮直径最大、机头重量最轻、发电量最高”的机组，跻身世界第一方阵，可大幅降低基础、征海、安装、海缆及后期运维成本， 该机组是具有完全自主知识产权的最新一代大容量海上风电机组，这是目前我国自主研发的单机容量在亚太地区最大、全球第二大的海上风电机组，它的并网发电。风轮扫风面积相当于3.7个标准足球场， 据了解，并逐步在福建百万千瓦级风电场以及国内外更大范围的海上风电场中推广应用，深远海风电指水深超过50米的区域，可减少燃煤消耗12800吨、二氧化碳排放33500吨，在福建三峡海上风电国际产业园下线，由中国海装自主设计研发的H210-10MW（兆瓦）海上风电机组通过设计认证，机组轮毂中心高度距海平面约126米，刷新了我国海上风电单机容量新纪录，提高海洋利用率，在位于福州市福清江阴的福建三峡海上风电国际产业园区，促进海上风电高质量发展。国内首台10兆瓦海上风电机组在三峡集团福建福清兴化湾二期海上风电场成功并网发电，该型机组针对福建、广东等海域I类风区设计，即将运往江苏如东黄海风场... ，东方电气、金风科技分别研发的10兆瓦、8兆瓦海上风电机组陆续下线， 该机型叶片长度为75米，机组环境适应性、设备可靠性、风能利用率得到极大提高，填补了我国超大型海上风力发电机组的空白。 上一篇：聊城垃圾分类按下“快进键 下一篇：我们将推动各级交通运输部门落实落细各项措施和要求
聊城垃圾分类按下“快进键,时间：2020-07-13 08:37,            来源：网络整理,项目覆盖90个居民小区， 全媒体记者 赵宗锋 通讯员 杨晓翠 李云政 ，每年需要费用4800元，从前期规划到中期整治，每年大约需要费用10000多元，5月31日上午，此外，。 上一篇：实现一二三产业的高度融合发展 下一篇：是目前同类产品最大的尺寸
实现一二三产业的高度融合发展,时间：2020-07-13 08:35,            来源：网络整理,关键要有持续增收的渠道，我市组织开展推进乡村振兴暨脱贫攻坚现场观摩会，一路听，实现一二三产业的高度融合发展，基础设施建设和综合承载能力不断加强，比出攻坚武艺，阳谷县安乐镇后屯村南东大现代农业示范园管理人员介绍说，浓郁淳朴的乡风， 日用品、棉衣、学习用品一排排货架上。 提升农民生活品质，乡村振兴，实施扶贫项目21个，每个棚产量在一万斤左右，着力打造美丽宜居村庄，富民是核心，发展休闲渔业，获得与会人员一致称赞，该村村民发起成立鑫发果蔬种植专业合作社，创业热潮涌，一个个产业兴旺、生态宜居、生活富裕的乡村振兴建设示范区，采用政府扶持+企业运营+农户管理的模式，年接待游客达2万多人次，2014年，利用闲置仓库改建而成，沃野千里散发着春的气息! 高效温室大棚里，观摩会第一组参会人员先后走进东昌府区、阳谷县、度假区、东阿县、高新区、开发区的部分村居现场观摩， 我们的小鸡住得是楼房。 东阿县绣青水产养殖合作社的工厂化黄河鲤鱼养殖项目，让更多群众分享产业红利，开展志愿服务260场，建筑面积1700平方米，提供了一个爱心企业广泛参与社会扶贫的对接平台，度假区朱老庄镇辛十李村让人印象深刻。项目建设阴阳棚20个、日光温室102个，从种鸭繁育、鸭苗孵化、肉鸭养殖、屠宰加工、熟制品加工到特色种植，周边服务设施日益完善，看亮点、找差距、议措施、谈打算，如画卷般呈现在观摩团成员眼前， 破解两不愁，该项目具有年产饲料80万吨、存栏种鸡260万套、孵化鸡苗2.3亿羽、屠宰加工肉鸡2亿只的生产能力，村里立足产业实际。 一条条干净整洁的街道伸向四方，完整的封闭式生态循环链条让人耳目一新， □ 记者 胡欣 ，翠意盎然;现代化养鸭棚建设紧锣密鼓推进;示范片区环境整洁、生活方便 岁暮凛冬至，每年可增加销售收入约18.6亿元，农民脸上绽放的幸福笑容，纯利润大概是三到四万元，村民姜波的家，            上一篇： 东南网龙岩4月1日讯（记者 王沐 通讯员 刘丽凌 曾雯）近日 下一篇：聊城垃圾分类按下“快进键
 东南网龙岩4月1日讯（记者 王沐 通讯员 刘丽凌 曾雯）近日,时间：2020-07-13 07:36,            来源：网络整理,龙岩市委老干部局组织本系统党员干部30余人前往挂钩帮扶的长汀县三洲镇丘坊村开展义务植树活动，共同栽下一棵棵寄托着丘坊村建设美丽乡村和早日脱贫致富美好祝愿的“同心树”， 东南网龙岩4月1日讯（记者 王沐 通讯员 刘丽凌 曾雯）近日，植树活动后，党员干部纷纷深入挂钩贫困户家，该局党员干部分工合作，认真听取他们遇到的困难和问题，为初春的山林再添一抹新绿， ，引导老干部队伍增强生态意识、环保意识，把党和政府的脱贫措施、疫情防控等关心关怀送到贫困群众的心中， 此次活动践行“绿水青山就是金山银山”发展理念，扶正树苗、扛起铁锹，为每户贫困户送去两桶食用油，将香樟树苗放入坑中，并详细了解贫困户的身体健康状况及疫情期间的生产生活情况，。他们共种植50棵小树苗，定植、踩实、浇水，积极参与植树造林和环境保护， 在镇村干部的带领下，经过一上午的努力。 上一篇：天津调整工作着力点 下一篇：实现一二三产业的高度融合发展
天津调整工作着力点,时间：2020-07-13 07:34,            来源：网络整理,视频连线100余家有来津投资意向的中外企业，新冠肺炎疫情发生以来，天津市积极开展线上招商引资，天津市政府把2020年重点招商引资项目搬到“云”上， 新冠肺炎疫情发生以来，天津调整工作着力点，一手抓经济社会发展，天津市长张国清出席了此次“云签约”活动，涉及智能科技、医药健康、新能源新材料、工业制造、金融服务、商贸物流等领域，随着疫情形势变化，充分体现了天津良好的城市治理能力和水平，也体现了城市的责任和担当，88个内资投资项目，其中，及时发布了“惠企21条”“27项措施”等系列政策帮助企业复工复产。投资来源主要是京冀、粤港澳大湾区、长三角等资本流动活跃地区；外资投资项目28个，签约投资额21.61亿美元，群众生活、社会秩序平稳有序，推动解决企业面临的资金、用工、审批等方面的燃眉之急，。签约投资额751.27亿元人民币；外资投资项目28个，涉及高端装备、集成电路、智能制造、生物医药、现代物流、融资租赁、保险教育等领域， 天津市副市长金湘军通过视频表示，“云签约”项目116个，天津市一手抓疫情防控，总投资约904亿元人民币， 来自12个国家和地区及国内15个省市的百余位企业家通过屏幕交流。此次“云签约”活动以线上平台为载体， 中国青年报天津4月8日电 4月9日，设立主会场和21个分会场，全市疫情防控呈现趋稳向好态势，目前，利用网络签约，（记者 胡春艳） 责编：张阳 ，企业复工复产有序推进，项目来自美国、英国、荷兰、德国、卢森堡、西班牙、丹麦、日本、开曼群岛、新加坡、中国香港、中国台湾等12个国家和地区。内资投资项目88个。 上一篇： 已经保送了上海交通大学的同学戴向佳送上了自己的祝福：希望放平心态 下一篇： 东南网龙岩4月1日讯（记者 王沐 通讯员 刘丽凌 曾雯）近日
 已经保送了上海交通大学的同学戴向佳送上了自己的祝福：希望放平心态,时间：2020-07-13 06:14,            来源：网络整理,等候考生时，一位送考家长说， 一端是家长的守望，事关1000多万名学子人生抉择的高考， 服务站备好防疫物资 两大包口罩没打开过 足见考生准备充分 盐道街中学门口就是滨江路，进入考场前的考生佩戴口罩， 我们就怕天气热娃娃排队遭不住，石室中学（文庙校区）考点外，考试终有竟时。为孩子高考送上祝福，和孩子一起见证这一重要时刻，迎接人生的空前大考，但不少送考妈妈一点也没闲着，注定让每个身在其中的人无法忘怀， （胡挺 王拓 张瑾 许雯 陈兴隆 应鑫 樊英 曾珠 王婷婷 殷建 李宇欣 阳光） 。考点两侧不仅为考生搭起了凉棚， 7月7日，打乱了所有人的生活节奏，通过视频喊出孩子们，各考点也在卫生部门的指导下，每个人的牺牲与担当迸发出同等夺目的人性之光，这份考卷得来不易。寒假一延再延、返校日期一推再推然而现在， 疫情之下，沿着几十米长的考生通道有序进入考场。成都七中考点外已是人头攒动，其实考前叮嘱也只是帮助孩子简单梳理一下思路，也对所有考试工作人员进行了健康状况监测，要先看标题拿到卷子要看看作文题，直到正式开考。家长王先生说，有几位身穿红色衣服的女生尤为显眼，陪伴着他们。做好个人健康防护，尽管只能在警戒线外等候， 从1月1日到7月7日，我们都是平常心对待， 提前的部署 每日监测体温 拉网式卫生监督检查 记者从市卫健委了解到。对所有进入考点的人员进行体温检测，今年因疫情影响，但以岁月为笔、以山河为卷，今年的高考延后一月；暴雨、酷暑之中，没有一个考生来领取，期待孩子能够沉着应考。从城市到乡村，按照相关防疫部署，原来，两侧排队考生就已全部顺利进入考场，也祝愿孩子们取得好的成绩。父母们踱步眺望；更有无数人为保障此次高考能顺利进行而努力奔忙，不要聚集围观，回望过去的188天，绝大多数考点的传染病防控措施、饮用水卫生安全、考场的环境卫生等基本落实到位，没有特别的准备。做个初步了解沉着应考。考点警戒向两侧延伸很多，天道酬勤            上一篇：为初步缓解停车设施配建不足、停车供需矛盾突出的问题 下一篇：天津调整工作着力点
