美卫生局长：在戴口罩问题上，美政府正在“纠错”,2020-07-13T11:21:57, 在美国疫情形势不容乐观的当下，全美多个州和城市都已下令，要求民众在公共场合佩戴口罩或面罩，以预防新冠病毒。美国卫生局局长杰罗姆·亚当斯12日接受采访时表示，特朗普政府正“试图纠正”在疫情早期敦促美国人不要戴口罩的错误指导方针。据美国CBS新闻12日报道，亚当斯当天在一档节目中表示：“我们正在努力纠正（戴口罩是错误的）这种信息，但这很难做到。”他指出，此前他们认为当感染者没有症状时，就不太可能传播这种病毒。但在对新冠病毒及其传播方式有了更多理解后，在口罩方面的指导方针也出现了转变。媒体指出，在今年3月疫情开始在美国蔓延之际，亚当斯和其他的政府官员建议民众不要戴口罩，当时正值美国医院面临严重的个人防护设备短缺之际。在3月8日接受同一档节目采访时，亚当斯曾表示，“口罩对普通公众并不能起到预防病毒感染的作用。”不过现在，亚当斯戴着口罩出现在节目中，并敦促人们在公共场合戴上口罩。目前，美国多州出现了新冠肺炎病例激增的情况。为了减缓病毒传播，一些州的州长们暂停了分阶段的经济重开，近一半的州也要求民众在某些情况下使用口罩或面罩。不过，CBS也指出，白宫仍没有颁布一项全国性的佩戴口罩强制令。根据worldometer网站实时统计数据显示，截至北京时间7月13日6时30分左右，美国累计确诊新冠肺炎病例达3410592例，累计死亡137765例。
南方暴雨还要下多久？应如何避险？汛情详解来了,2020-07-13T11:11:39, 防汛形势，十分严峻！7月12日11时，针对当前的汛情形势，水利部将水旱灾害防御Ⅲ级应急响应提升至Ⅱ级。最近一个多月来，南方接连遭遇暴雨，多地降雨量刷新历史纪录。中央气象台连续40天发布暴雨预警。7月4日以来，212条河流发生超警以上洪水，其中72条河流超保，19条超历史纪录。近期，长江、淮河等流域，洞庭湖、鄱阳湖、太湖等湖泊处于超警戒水位。今年南方的暴雨到底有多“暴”，原因是什么？还要下多久，该怎么防范？即将到来的“七下八上”北方主汛期，汛情和南方有何不同？经社君采访了中国气象局、水利部、应急管理部的专家，为您答疑解惑。祝愿大家平安度汛！南方暴雨到底有多猛烈？“影响范围广，持续时间长，极端性强，局地强降水重叠度高。”国家气候中心气象灾害风险管理室副研究员翟建青分析认为，6月以来南方暴雨具有这些特征。影响范围广，雨区集中重叠——据国家气候中心统计，入汛以来，我国南方已出现15次大范围强降雨过程。据中国气象局统计，在6月27日到7月9日的南方暴雨过程中，累计雨量100毫米以上的覆盖面积，高达288.7万平方公里。持续时间长——6月份以来南方出现持续强降雨过程，从6月2日至7月12日6时，中央气象台连续40天发布暴雨预警，成为2007年开展暴雨预警业务以来历时最长的一次。其中，6月12日至25日的暴雨，持续了两周。暴雨极端性强——多地累计降雨量破纪录。6月1日到7月6日，安徽、湖北、浙江、重庆4省（市）的累计降雨量，是1961年我国有系统气象统计数据以来同期最高。部分地区降雨量比常年同期偏多1—2倍。6月1日到7月9日，湖北、安徽、江苏等省，一共有85个气象观测站的累计降水量超过了年降水量的一半；其中，安徽岳西和祁门两站的累计降水量，几乎占到年降水量的80%。多地单日降雨量破纪录。从7月7日早上8点到8日8点，江西省鄱阳县莲花山乡一天的降水量，就高达538毫米，超过了北京常年一年的降水量。仅仅7月9日这一天，就有江西吉安等7个国家气象观测站单日降雨量突破历史极值、11个国家气象观测站突破7月极值。7月4到10日，重庆、贵州至长江中下游地区，遭遇了今年以来的最强降雨，期间一共有31个观测站的单日降雨量突破7月历史极值，有13个观测站的单日降雨量刷新了历史纪录。多条河流及湖泊水位告急！截至7月4日，全国17个省（区、市）共计335条河流发生超警以上洪水，比多年平均值多6成。7月4日以来，212条河流发生超警以上洪水。重庆綦江洪水15小时暴涨10.18米，为1951年有记录以来最大洪水。6月1日到7月9日的长江流域平均降水量，达到了369.9毫米，高于1998年同期，是1961年以来同期第一多。7月11日晚，江西饶河鄱阳站水位突破1998年历史极值。12日0时，江西鄱阳湖星子站水位超过1998年洪水水位22.52米，达到22.53米。这标志着我国最大淡水湖水位，突破有水文记录以来的历史极值。截至7月12日12时，今年以来洪涝灾害造成江西、安徽、湖北、湖南等27省（区、市）3789万人次受灾，141人死亡失踪；2.8万间房屋倒塌；农作物受灾面积353.2万公顷；直接经济损失822.3亿元。根据目前的监测数据，南方暴雨虽然猛烈，总体上看，仍比不过1998年的特大暴雨事件。翟建青分析认为，今年的暴雨虽然持续时间长、影响范围广，但位置更偏北、综合强度略偏低。暴雨的综合强度，综合考虑了暴雨的范围、持续时间和雨量。6月27日到7月9日，我国南方暴雨的综合强度排在有气象记录以来的第五位，而1998年的暴雨事件强度排在第一位。暴雨连连的原因是什么？今年夏天我国南方为啥暴雨不断？最直接的影响因素是气象条件。国家气候中心首席预报员王永光告诉经社君，今年6月以来西太平洋副热带高压（副高）持续偏强，是南方暴雨的重要原因。副高西侧引导来自南海和西太平洋的水汽输送明显偏强，为南方地区持续性降水提供了充沛的水汽条件。6月中旬以后，副高明显北抬，江南北部到黄淮地区盛行西南风气流，水汽输送偏强；同时北方冷空气频繁南下，使得冷暖气团在我国江南北部到黄淮地区交汇，形成持续性强降水，降水明显偏多。6月中下旬至今，雨带一直停留在西南地区东部到长江中下游地区，主要是因为与梅雨相关的天气系统相对稳定。而更宏观的背景，是全球气候变化。近年来，全球极端天气气候事件的频次和强度，不断增加。当地时间6月20日，位于北极圈内的俄罗斯西伯利亚小镇维尔霍扬斯克测得38℃高温，刷新了北极圈内有记录以来的最高温度。国家气候中心气候变化适应室主任黄磊表示，目前，尚无研究表明北极创纪录高温与我国南方暴雨有直接联系，也很难将单独的一次天气气候事件，例如最近的南方暴雨，直接归因于全球气候变暖。但在全球气候变暖的大背景下，一些极端天气气候事件确实在增多增强，呈现出长期趋势上的变化。暴雨还要下多久？据中央气象台预计，7月中旬，长江流域大部分地区累计降雨量有50—120毫米，比常年同期偏多5—8成，部分地区偏多2倍以上。从7月中旬开始，随着副高系统北抬，雨带将向北移动。13日到16日，主要强降雨区域会出现在长江中下游地区，重庆东部、贵州北部等地还将有大到暴雨，局部地区有大暴雨。18日到20日，四川盆地东部、西北地区东南部、华北南部等地，将有大到暴雨天气。专家提醒，相关地区和部门要警惕强降水叠加造成的中小河流洪水、山洪地质灾害、城市内涝等次生灾害。受强降雨影响，部分河流、中小型水库水位较高，有些已出现超警戒线水位的情况，需特别注意。公众要警惕强降雨可能引发的山洪地质灾害、城乡内涝，同时要注意防范强对流天气可能带来的不利影响。北方即将进入“七下八上”主汛期，防汛不能马虎松懈！目前的气象预报显示，7月下旬，我国东部雨带将北抬到黄淮、华北至东北地区一带，累计降雨量比常年偏多3—7成，局部地区偏多1倍以上。主要降雨时段为22日至23日，以及26日前后。南方正在全力防汛抗灾，北方也不能马虎松懈。中央气象台首席预报员张芳华表示，7月下旬，北方地区降雨开始明显增多，进入“七下八上”的北方汛期关键时段，需注意强降雨尤其是局地强降雨导致的次生灾害风险。啥是“七下八上”？受季风气候、地形地貌影响，我国雨带每年从南向北移动。通常7月下旬至8月上旬，雨带将从长江流域北抬到华北、东北，北方就会进入主汛期。水利部水旱灾害防御司副司长王章立介绍，据水利、气象部门联合预测，今年夏天，黄河中游、海河南系、松花江、辽河、长江中游洞庭湖水系、珠江流域西江和北江等河流，都可能发生区域性较大洪水，防汛形势不容乐观。北方汛情和南方有些不同之处，防汛时应根据北方特点，对症下药。北方的降雨高度集中。据水利部统计，北方地区“七下八上”期间的降雨量占了全年的大多半，而且有时降雨强度大。例如，1963年8月海河特大暴雨，河北省邢台市内丘县獐么乡24小时雨量高达951.5毫米，3天连续降雨1457毫米，7天降雨2050毫米，为我国大陆气象记录的最高值。北方河流平时流量小，但洪水来了“威力”可不小。一些河道源短流急，洪水流速大、来势猛，洪水形成时间短，可能猝不及防。应急管理部应急指挥专员张家团表示，每年“七下八上”是北方地区防汛关键期，北方河流洪水大多突发性很强，一些地区是常年‘老旱区’，缺乏面对短时强降雨和突发性洪涝的防汛防控经验，加上工程体系仍存在不少短板，需要高度重视。专家提醒，公众要防患于未然，密切关注天气变化，及时收听天气预报预警。远距离外出或旅游时，要根据天气变化，合理制定出行计划。强降雨天气发生时，尽量避免到山洪灾害易发区，防止发生意外。
水利部：全国433条河流发生超警洪水，33条河流发生超历史洪水,2020-07-13T10:32:58, 国务院政策例行吹风会于7月13日举行，国家防汛抗旱总指挥部、应急管理部、水利部和国家发改委相关负责人介绍防汛抗旱有关情况。水利部副部长叶建春在吹风会上介绍，6月以来，我国南方地区暴雨洪水集中频繁发生，部分地区洪涝灾害严重。全国共有433条河流发生超警以上洪水，其中109条河流发生超保洪水，33条河流发生超历史洪水；长江、黄河上游、珠江流域西江和北江、太湖先后发生1号洪水。目前，长江干流监利以下河段及洞庭湖、鄱阳湖和太湖水位仍处于超警状态。其余大江大河水势平稳。叶建春强调，我国即将进入“七下八上”防汛关键期，当前长江、太湖流域防汛形势严峻，预计后期雨带将北抬，北方河流可能发生区域性较大洪水。
应急管理部：长江流域平均降雨量为1961年以来同期第二,2020-07-13T10:35:10, 国务院政策例行吹风会于7月13日上午举行，国家防汛抗旱总指挥部、应急管理部、水利部和国家发改委相关负责人介绍防汛抗旱有关情况。国家减灾委员会秘书长、应急管理部副部长郑国光在发布会上介绍：今年我国降雨总量大，局部强度大。6月以来，长江流域平均降雨量为1961年以来同期第2多；洪涝受灾省份多，全国有27省（区、市）3789万人次受灾，141人死亡失踪，倒塌房屋2.8万间。郑国光介绍，灾情发生以来，应急管理部先后出动4.7万人次，营救和疏散转移遇险群众7.6万人。在各方面共同努力下，入汛以来全国洪涝灾害受灾人口、死亡失踪人数、倒塌房屋数量和直接经济损失，与近5年同期相比，分别下降了9%、51%、70%和13%。
洞庭湖、鄱阳湖等水位上涨，如何守住这些“大水盆”,2020-07-13T10:37:45, 连日来，西南地区东部至长江中下游一带的强降雨导致洞庭湖、鄱阳湖、太湖等几大湖泊水位上涨。面对严峻的防汛形势，应如何守住这些“大水盆”？受持续强降雨影响，目前，长江中下游干流监利以下江段及洞庭湖、鄱阳湖水位全线超警，其中洞庭湖水位略超保。7月12日18时，长江中下游干流及洞庭湖、鄱阳湖水位超警0.55—2.96米，目前洪峰正在通过螺山江段，湖口水位22.46米（低于保证水位0.04米）；太湖平均水位4.45米，超警0.65米。依据当前水雨情和近期降水预报，预计长江中下游干流汉口以下江段及鄱阳湖水位仍将持续上涨，鄱阳湖将超过保证水位；太湖水位将持续上涨，可能超过保证水位。洞庭湖、鄱阳湖推高长江水位，太湖水位持续超警并仍在上涨22.52米，一个饱含历史记忆的数字。7月12日，在鄱阳湖标志性水文站星子站，上涨的湖水淹过水位尺最高处的红色标记——“1998年洪水位22.52M”，标志着鄱阳湖水位突破有水文记录以来的历史极值。7月以来，江西省多次遭受暴雨或大暴雨袭击，降雨总量达到常年3倍以上。饶河、信江、修河及鄱阳湖先后多次发生超警戒洪水，多站点水位甚至超过保证水位、超1998年。7月12日，位于鄱阳湖与长江交汇处的湖口水文站水位接近保证水位（22.50米）。水天相连，浊浪翻腾，一座八角亭时刻监视着水情汛情，这里是长江干流水位的“晴雨表”——莲花塘水文站。32米、33米、34.34米……不断攀升的数据表明长江汛情严峻。再涨0.06米，莲花塘站水位就要超过保证水位，要考虑启用分蓄洪区。这里是洞庭湖与长江水道交汇处，记录着河湖关系变化。“洞庭湖既承载着湘、资、沅、澧四水的汇集，又与长江相连相通，水系网络复杂。”水利部有关负责人介绍。7月8日，水利部与长江水利委员会视频连线紧急会商，作出决定——以莲花塘站不超过保证水位为目标，减小三峡水库日均出库流量，联合调度雅砻江、金沙江梯级水库同步拦蓄洪水。洞庭湖防汛形势严峻。6月28日以来，湖南省强降雨过程主要集中在澧水、沅水、资水中上游、湘水下游及洞庭湖区部分地区。目前湘水、资水、沅水干流水位回落，澧水干流及西洞庭湖水位有所上涨，南洞庭湖水位缓慢回落，东洞庭湖水位仍缓慢上涨，环洞庭湖各水文站水位仍超过警戒水位。洞庭湖、鄱阳湖水位持续上涨，影响着长江干流汛情。洞庭湖和鄱阳湖如同系在长江上的两个“大水盆”。“上有洞庭湖洪水下泄，下有鄱阳湖顶托，夹在中间的长江河段水位居高不下，防汛形势严峻。”水利部水旱灾害防御司副司长王章立介绍。据预测，未来长江中下游干流汉口以下江段、鄱阳湖水位将持续上涨，其中九江江段可能接近保证水位，鄱阳湖将超过保证水位。太湖防汛形势同样严峻。太湖流域位于长江南缘，有数十条河道与长江连通，而长江是太湖流域排洪的重要通道。4.45米！7月12日，太湖出现历史第五高水位。水利部太湖流域管理局副局长吴浩云介绍，今年前期太湖流域降雨持续偏多，连续遭遇冬汛和春汛，1月30日太湖水位最高涨至3.41米，位列1954年以来历史同期第二位。入梅以来（6月9日—7月8日）太湖流域降雨量406.7毫米，比多年平均梅雨总量多68.3%。受强降雨影响，流域河网代表站水位大范围超警戒水位。立足湖泊特点，精细调度水工程，加强对重点堤防巡查防守守好“大水盆”不易，大型湖泊防汛挑战不少。水位变动1厘米，对太湖意味着什么？1厘米水位对应2300多万立方米的水，相当于1个中型水库的容量。为应对汛情，趁降雨间隙，全力抢排太湖水。14—15日，太湖流域预计将再迎新一轮降雨，水位还将持续上涨。从6月28日水位超警后，太湖流域管理局立即调度望虞河枢纽、太浦闸全力排水。太湖防汛，靠挡也靠排。“太湖大却浅，像个碟子。流域面积3.69万平方公里，平均水深不足2米，调蓄能力小，对水位变化敏感。”吴浩云说。“进水快、出水慢，太湖容易‘憋’水。”吴浩云分析，上游为山丘区，河道来水快；下游为平原区，河流流速慢，因此需要动力排水。汛前，太湖流域管理局依规调度骨干工程，合理预降太湖水位，汛前累计排泄太湖水14.1亿立方米；入梅以来，通过太浦河、望虞河排水8.28亿立方米，相当于降低太湖水位0.35米，通过沿长江其他口门排水8.04亿立方米，通过沿杭州湾口门排水6.15亿立方米。100亿立方米的洪水同时装进洞庭湖，会产生何种后果？6月21日以来，湖南遭遇强降雨。用空间换时间，90条次洪水调度命令发布，五强溪、凤滩等大型水库联合调度，累计拦蓄洪量近56亿立方米，减淹耕地面积约150万亩，避免人员转移数量约3.5万人。大型湖泊有其独特的水系、水文特点，母湖连子湖，河湖渠库相通，水系复杂。王章立介绍，要立足湖泊特点，在水工程调度上更精细，“闸门开启到什么程度、多开一些对下游有什么影响、少开一些对上游库区有什么影响，都要统筹考虑到。”此外，湖区圩垸众多，人口集中，确保环湖堤防和重点圩垸堤防安全对防汛至关重要。水利部提出，长江中下游干堤和洞庭湖、鄱阳湖堤防超警幅度大、持续时间长，容易出现险情，相关部门要充实重点堤防防守力量，加强暗访督查。针对鄱阳湖流域的汛情，水利部督促江西省科学研判汛情形势，统筹考虑鄱阳湖周边圩垸启用，确保人民生命财产安全和重点圩垸防洪安全。守好“大水盆”，更需要久久为功应对洪水中，大型湖泊暴露出的短板亟待补齐。“经过多年综合治理，太湖流域防洪减灾调控能力已有较大提高。但也存在洪水外排能力不足等问题。”水利部太湖流域管理局苏州管理局副局长郑春锋说。今后继续完善防洪工程体系，抓紧推进吴淞江、望虞河后续、太浦河后续等骨干工程开工建设；完善太湖调蓄、北向长江引排、东出黄浦江供排、南排杭州湾的流域综合治理格局。在洞庭湖流域，防洪蓄洪工程体系加快推进，还要加快推进钱粮湖等蓄滞洪区完善，加快推进洞庭湖区18个涝片排涝能力建设，有效提升烂泥湖垸等重点区域排涝能力。守好“大水盆”，更需要久久为功。湖泊是江河水系的重要组成部分，是蓄洪储水的重要空间，自然属性复杂，管理保护难度大。围垦、侵占水域、违法养殖等现象会造成湖泊面积萎缩、水域空间减少、生物栖息地破坏等问题。解决湖泊顽疾，关键是要调整人的行为。水利部重拳治理河湖“四乱”，实现对湖泊管理常态化。“从长远看，治理湖泊应该尊重自然规律，还水于湖，从拦截洪水到为洪水找出路，建立和谐的河湖关系、人湖关系。”吴浩云说。
发改委：今年累计下达重大水利工程中央预算内投资528亿元,2020-07-13T10:37:10, 国务院政策例行吹风会今天（7月13日）上午举行，国家防汛抗旱总指挥部、应急管理部、水利部和国家发改委相关负责人介绍防汛抗旱有关情况。国家发展改革委副秘书长苏伟介绍，今年及后续将安排建设150项重大水利工程，建成后预计可新增防洪库容约90亿立方米，治理河道长度约2950公里，新增灌溉面积2800万亩，增加年供水能力约420亿立方米。工程匡算总投资约1.29万亿元，能够带动直接和间接投资约6.6万亿元。苏伟介绍，截至目前，国家发改委已累计下达2020年度重大水利工程中央预算内投资528亿元。
新冠缘起自动物的病毒偷袭？警惕“人畜共患病”,2020-07-13T10:18:24, 新冠肺炎疫情还在地球上持续蔓延，而关于新冠病毒的缘起，科学界普遍认为，它最早来自动物。联合国环境规划署认为：蝙蝠很有可能是本次疫情的源头。病原体从动物“跨越物种界限”传染给人类，这类疾病被称为“人畜共患疾病”。7月6日，联合国环境规划署与国际牲畜研究所联合发布报告称：过去20年，人畜共患疾病的暴发愈发频繁，对人类的威胁越来越大。新冠肺炎不是第一次源自动物的病毒偷袭，也不会是最后一次。1997年8月，印度尼西亚，山火蔓延。800万公顷土地被烧焦，生活在雨林里的动物纷纷逃命。山火产生的烟雾像一张厚棉被盖在这片土地上，阳光无法穿透，没有降雨，树叶渐黄，花果不长。雨林中的果蝠难以饱腹，只得迁移寻找新的栖息地。一群果蝠飞到了与印尼隔海相望的马来西亚，热带果园里香甜的水果成了它们的食物。果子上留下了果蝠的唾液，有些残渣掉落在附近的猪圈里。猪将地上的果实残渣舔舐干净，不久，一些猪出现了抽搐或急性高烧的症状，之后，养猪场的工人也开始出现、神志不清和抽搐等症状。1997年初，许多农场工人都得了奇怪的病。至少有20个工人连续发烧，而且持续了很长时间。当时，五名重症患者入院治疗，被诊断为病毒性脑炎，其中一人死亡。一年后，1998年秋天，这一怪病再次在猪场工人中出现，半年时间有265人被确诊感染，其中105人死亡，死亡率高达40%。 又过了一年，1999年，马来西亚大学医学院的科研人员最终分离并识别出了引发疾病的病毒，源自果蝠，并将该病毒命名为：尼帕病毒。转眼23年过去了，如今对全球造成健康威胁的新冠病毒，与尼帕病毒也有一个共同点。这种源自动物、跨物种传染给人类的传染病称为人畜共患病。早在人类最为古老的文化摇篮之一——公元前2000多年美索不达米亚文明遗留的碑文中，就有对人畜共患病的记载。如今已是公元后2千年，人畜共患病对人类造成的威胁没有减少，还在不断加剧。7月6日，联合国环境规划署与国际牲畜研究所联合发布名为《预防下一次大流行病：人畜共患疾病以及如何阻断传播链》的报告，报告显示，全球每年约有200万人死于人畜共患疾病，大多数病亡者居住在中低收入国家。2013年，西非几内亚一个偏僻的小村庄，一名一岁半男孩在自家院后的空心树下玩耍，回家后不久便出现发烧、呕吐，排便发黑等症状，两天后，小男孩死亡。小男孩感染的是致死率极高、传染性极强的埃博拉病毒。这一病毒同样源自果蝠。由于人类过度砍伐森林，果蝠开始向人类聚集地转移，空心树上倒挂的蝙蝠成了致死疫情的源头。之后，2013到2016年间，蔓延开的西非埃博拉疫情导致11000多人死亡。据“全球森林监察”系统的统计，2019年，全球平均每分钟就失去71400平方米的热带森林，面积相当于10个足球场。地球上80%的物种生活在森林里，森林的急剧减少迫使野生生物进入人类生活圈。而且，人畜共患病并不只发生在经济落后的农业区。2014年，被女性杂志《Bustle》誉为“朋克音乐皇后”的美国歌手艾薇儿，患上了莱姆病。莱姆病也是一种人畜共患病。病原体为一种螺旋体，来自这种不起眼的蜱虫，被蜱虫叮咬的脊椎动物，比如鹿和松鼠就会被传染，并成为螺旋体的宿主。2019年，美国疾控中心发布报告称：美国东北部郊区扩张，导致蜱虫和其它宿主动物与人的接触增多，莱姆病发病率增高。由于早期症状与普通感冒或多发性硬化相似，莱姆病也不易确诊。另据美国疾控中心2019年公布的报告，同样由蜱虫传播的玻瓦桑病毒的感染人数也在逐年增多。玻瓦桑病毒会引起脑组织炎症，死亡率高达10%，且目前没有治疗药物及疫苗。因此，人类、家畜或野生动植物的健康不能再单独看待了，它们应该是‘一体健康’。2300多年前，中国古代思想家荀子就曾在《天论篇》中道出这一朴素的道理。历史和科学也一再证明，人类，作为地球生态系统的一部分，无法高高在上或独善其身，只有和自然环境、和其它生物形成良好的联结与互动，才可能拥有真正可持续的“一体健康”。
商务部：推动加大金融支持稳外贸稳外资促消费力度,2020-07-13T10:12:36, 7月13日，商务部发布《关于加强协作联动，推动加大金融支持稳外贸稳外资促消费力度的工作通知》（以下简称“《通知》”），其中提出，将努力创造良好政策环境，鼓励与各地金融分支机构结合实际，研究出台专项举措，不断增强金融服务质效，帮助企业提高融资可得性、降低融资成本，保障资金链运转，缓解企业融资难、融资贵、融资慢问题。《通知》提出，要积极创新，发挥好财政资金引导作用，推动银行、保险机构和社会资本加大对中小企业的支持。商务部办公厅关于加强协作联动 推动加大金融支持稳外贸稳外资促消费力度的工作通知商办财函〔2020〕170号各省、自治区、直辖市、计划单列市及新疆生产建设兵团商务主管部门:为深入贯彻落实党中央、国务院决策部署,充分发挥金融对稳外贸稳外资促消费的积极作用,近期商务部与国家开发银行、中国进出口银行、中国出口信用保险公司、中国工商银行、中国农业银行、中国银行、中国建设银行、中国银联等金融机构,通过签署合作协议或备忘录、联发工作通知等形式,进一步加强协作联动,出台了一系列专项举措。为推动支持措施尽快落地见效,现就有关事项通知如下:一、及时摸排企业金融需求各地商务主管部门要进一步深入开展调查研究,通过问卷调查、实地走访、座谈会等多种形式,增进与当地重点外贸外资企业、商贸流通企业、供应链核心企业、中小微企业等的沟通对接。了解企业在金融服务方面的主要需求和迫切问题,及时向金融机构反映,推动优化金融服务,协调解决企业困难。收集企业对已出台政策的反映,梳理企业在金融服务方面的政策诉求,为后续政策储备提供一手资料。二、加强与金融机构信息共享各地商务主管部门要梳理本地企业及项目信息,在符合相关规定的前提下,推动供需两端精准对接,积极向人民银行分支机构、当地金融机构提供有金融服务需求的行业企业信息,包括但不限于中小微企业和劳动密集型企业、本地进出口龙头企业、对保障产业链供应链稳定有重要影响的外贸外资企业、走“专精特新”国际化道路的外贸企业、外贸新业态重点企业、需要资金支持的重点商贸流通企业、生活必需品应急保供骨干企业、市场监测样本企业、重点联系商品市场、鼓励类流通设施项目、供应链创新与应用项目、步行街改造提升项目、城乡高效配送项目、农产品冷链物流项目、农产品批发市场和农贸市场建设改造、小店经济推进行动项目等。三、努力创造良好政策环境各地商务主管部门要努力为金融支持稳外贸稳外资促消费创造良好环境和条件。鼓励与各地金融分支机构结合实际,研究出台专项举措,不断增强金融服务质效,帮助企业提高融资可得性、降低融资成本,保障资金链运转,缓解企业融资难、融资贵、融资慢问题。积极创新,发挥好财政资金引导作用,推动银行、保险机构和社会资本加大对中小企业的支持。充分发挥信用保险、融资担保、保理对“两稳一促”的支持作用,不断增强企业获得感。坚持问题导向,对于金融机构在服务企业过程中反映的难点、堵点、痛点问题,注意收集梳理,属于职责范围内的要及时研究解决,涉及其他业务主管部门的,要主动对接,积极反映情况,争取工作支持。四、强化组织保障各地商务主管部门要以习近平新时代中国特色社会主义思想为指导,增强“四个意识”,坚定“四个自信”,做到“两个维护”,坚决贯彻落实党中央、国务院决策部署,强化责任担当、完善组织领导,工作中强化协作联动,突出工作重点、加大工作力度、创新工作思路,切实引导更多金融资源支持稳外贸稳外资促消费。重要进展和好经验好做法请及时报商务部(财务司)。商务部办公厅2020年7月8日第一财经广告合作，请点击这里此内容为第一财经原创，著作权归第一财经所有。未经第一财经书面授权，不得以任何方式加以使用，包括转载、摘编、复制或建立镜像。第一财经保留追究侵权者法律责任的权利。 如需获得授权请联系第一财经版权部：021-22002972或021-22002335；banquan@yicai.com。 文章作者 一财资讯  
厂区意外爆炸引发火灾，卓越新能股价大跌,2020-07-13T10:04:09, 7月13日，卓越新能开盘大跌14%，截至发稿，该股跌近10%，报52.40元。7月12日上午10时，龙岩卓越新能源股份有限公司东宝厂区在设备维修过程中意外发生火情。晚间，卓越新能紧急发布公告，事故发生后，公司立即组织人员进行现场救援，并向当地政府有关部门报告，配合开展事故应急处置工作。具体事故原因还在进一步调查中，救援及善后工作正在有序开展。据福建省龙岩市消防支队官方微博下午14:46分发布的消息，据现场目击证人介绍，该公司罐区在检修作业过程中突然发生爆炸，随后引起火灾，起火物质为地沟油、植物油、生物柴油、甲醇等物质，现场浓烟较大。据了解目前有2人失联2人受伤。第一财经广告合作，请点击这里此内容为第一财经原创，著作权归第一财经所有。未经第一财经书面授权，不得以任何方式加以使用，包括转载、摘编、复制或建立镜像。第一财经保留追究侵权者法律责任的权利。 如需获得授权请联系第一财经版权部：021-22002972或021-22002335；banquan@yicai.com。 文章作者 一财资讯  
基金早知道 | 上半年业绩预告陆续出炉，公募把脉绩优股机会,2020-07-13T09:51:37, — —今日导读— —临近中报披露季，多只个股发布上半年业绩预告，不少公司业绩预喜，上市公司财报也成为基金经理做好投研的重要参考。有公募表示，从今年一季报以及二季报预告的情况看，医药、消费、科技板块中多数景气度向上的细分行业龙头业绩不错，对高估值形成了一定支撑。— —早知道必看大事— —1、年内8只基金赚8成，科技类收益反超医药主题2、关注重仓股半年报，基金把脉绩优股“晴雨表”3、7只权益基金今日发行，各公司同台PK4、长安基金徐小勇：消费与科技创新是长期主旋律— —影响投资的重要事件解读— —1、年内8只基金赚8成，科技类收益反超医药主题7月才过了1/3，年内基金业绩排行榜上就换了面孔，医药主题基金一枝独秀的情形发生变化。重配科技的基金再次居前，超越医药主题基金。WIND数据显示，截止7月9日，共有8只基金年内累计回报达8成以上，其中，年内累计回报居前三的3只基金在一季度末均配置了电子、通信、计算等板块。宝盈基金李健伟表示，未来三年是以科技股为代表的成长股牛市。科技创新叠加科技自主创新，将开启未来三年的成长股牛市，科技是新格局下新经济的大方向。2、关注重仓股半年报，基金把脉绩优股“晴雨表”近期，多只公募基金重仓股发布上半年业绩预告，不少公司业绩预喜，二级市场也涨幅明显。多位基金经理表示，二季度，宏观经济和各行业逐渐复苏，上市公司财报也成为他们做好投研的重要参考。民生加银基金高松表示，从今年一季报以及二季报预告的情况看，医药、消费、科技板块中多数景气度向上的细分行业龙头业绩不错，对高估值形成了一定支撑。其中一个重要的原因是：公共卫生事件作为一次性负面事件的冲击加速了行业中经营不善、抗风险能力弱的小企业的退出，加速了龙头企业市场份额提升。在经济恢复时，龙头公司显示出强者更强的现象。— —这些基金今日除权除息— —前海开源恒远每10份派发红利1.79元交银蓝筹（519694.OF）每10份派发红利1.19元金鹰添荣纯债（004033.OF）每10份派发红利0.53元招商招通纯债A（003454.OF）每10份派发红利0.21元招商招通纯债C（003455.OF）每10份派发红利0.21元银河银信添利A（519667.OF）每10份派发红利0.18元银河银信添利B（519666.OF）每10份派发红利0.17元泰达宏利红利先锋每10份派发红利0.16元中欧增强回报E（001889.OF）每10份派发红利0.14元中欧增强回报C每10份派发红利0.13元交银双轮动AB每10份派发红利0.12元融通四季添利（161614.OF）C每10份派发红利0.11元博时中债1-3年国开行A（007147.OF）每10份派发红利0.11元博时中债1-3年国开行C（007148.OF）每10份派发红利0.11元交银纯债AB每10份派发红利0.10元交银纯债C每10份派发红利0.10元博时信用债纯债A（050027.OF）每10份派发红利0.10元交银双轮动C每10份派发红利0.09元博时信用债纯债C（001661.OF）每10份派发红利0.08元国富岁岁恒丰A（000351.OF）每10份派发红利0.06元国富岁岁恒丰C（000352.OF）每10份派发红利0.05元金鹰添瑞中短债C（005011.OF）每10份派发红利0.02元金鹰添瑞中短债A（005010.OF）每10份派发红利0.02元建信中债湖北省地方债每10份派发红利0.01元— —最新基金产品申赎变动— —天弘中债3-5年金融债、万家民丰回报一年持有期（008979.OF）、上投摩根研究驱动C、上投摩根研究驱动A、银华丰享一年、南方誉丰18个月持有C、中融品牌优选C、华夏中证人工智能主题ETF联接A、惠升和悦A、南方誉丰18个月持有A、方正富邦科技创新A（008640.OF）、华夏中证人工智能主题ETF联接C、惠升和悦C、中欧真益稳健一年A、南方昭元C、方正富邦科技创新C（008641.OF）、中欧真益稳健一年C、中融品牌优选A、南方昭元A、景顺长城景瑞收益（001750.OF）债C20只基金开放申购。其中，天弘中债3-5年金融债、万家民丰回报一年持有期、上投摩根研究驱动C、上投摩根研究驱动A、银华丰享一年5只基金的申购起点为10元，其余15只基金的申购起点为1元。银华行业轮动（006302.OF）、泰康睿利量化多策略C（005382.OF）、上银新兴价值成长（000520.OF）、万家行业优选（161903.OF）、泰康安泰回报（002331.OF）、泰康睿利量化多策略A（005381.OF）等基金暂停大额申购。（绝对值陈露） 第一财经广告合作，请点击这里此内容为第一财经原创，著作权归第一财经所有。未经第一财经书面授权，不得以任何方式加以使用，包括转载、摘编、复制或建立镜像。第一财经保留追究侵权者法律责任的权利。 如需获得授权请联系第一财经版权部：021-22002972或021-22002335；banquan@yicai.com。 文章作者 绝对值  
金融委聚焦资本市场强监管！机构：利好股市长期发展,2020-07-13T09:29:53, 7月11日，国务院金融稳定发展委员会召开第三十六次会议，研究全面落实对资本市场违法犯罪行为“零容忍”工作要求。此次会议从七个方面入手，包括严厉查处重大违法犯罪案件、强化民事赔偿和刑事追责力度、深化退市制度改革、配合立法机关加快刑法修改等工作进度、完善符合资本市场发展需要有中国特色的证券执法体制机制、成立“打击资本市场违法活动协调工作小组”等。对此，天风证券12日研报分析认为，资本市场基础制度建设加快，有利于股市长期健康发展。具体看来，2019年以来，关于资本市场制度建设与完善的命题多次在重要会议中提及。2019年2月政治局会议提到，要“完善资本市场基础性制度，把好市场入口和市场出口两道关，加强对交易的全程监管”；2019年11月四中全会《决定》提出“加强资本市场基础制度建设，健全具有高度适应性、竞争力、普惠性的现代金融体系，有效防范化解金融风险”；今年4月关于要素市场化的顶层文件再次强调，要制定出台完善股票市场基础制度的意见，改革完善股票市场发行、交易、退市等制度等。此次金稳委会议关于加大资本市场违法犯罪惩处力度、建立集体诉讼制度、深化退市制度改革等举措，是资本市场基础制度建设加快的重要标志，市场的规范性建设有利于股市长期健康发展。上述天风证券研究报告分析，资本市场法制建设及退市制度改革，将显著提升上市公司质量。会议提出要加快新证券法细则落地，适时启动集体诉讼程序，同时要深化退市制度改革，形成“有进有出、优胜劣汰”的市场化、常态化退出机制。2019年以来，在改善融资结构、提高直接融资比例的政策方向下，科创板、创业板注册制相继落地，新股供给规模显著提升（入口打开）。若无相应的退市制度及监管机制的配合，很容易形成宽进严出、劣币驱逐良币的现象，并放大新股对资金的分流效应。因此，完善监管体制，简化对尾部公司或“问题”公司的退市制度，有助于加快资本市场的优胜劣汰，提升上市公司整体质量。此外，执法及刑罚力度的加大，提升违法犯罪成本，保护中小投资者权益。天风证券认为，相比于海外成熟市场，我国在制度建设上的短板，是近年来上市公司恶性财务造假等负面新闻频发的内在根源。只有提高资本市场违反犯罪的刑罚力度，同时加强执法力度，不断提高市场主体的违法犯罪成本，方能有力遏制恶性事件的频频发生。另一方面，包括财务造假、恶性欺诈、内幕交易等在内的违法犯罪行为，本质上都是利用市场参与者之间的信息不对称，扭曲市场的定价体系，损害投资者尤其是中小投资者的权益。因此，加快基础立法、加大刑罚力度和执法力度，最终都指向营造一个更为公平、透明的投融资环境，保护各市场主体的合法权益。新时代证券首席经济学家潘向东称，目前建立具有中国特色的证券集体诉讼制度已提上日程，这无疑将进一步便利投资者维权，震慑造假行为。通过投资者提起民事赔偿诉讼等方式激发市场化约束力量。兴业银行首席经济学家鲁政委也认为，这也为注册制在A股其他板块的推广提供了保障。在此次金融委会议所提出的一揽子举措的保障下，使企业IPO从进“保险箱”变成了进“竞技场”，有进有出、优胜劣汰将成为市场常态；也使资本市场从“彩票机”变成“称重器”，这些将夯实中国资本市场长期健康发展的制度基础。第一财经广告合作，请点击这里此内容为第一财经原创，著作权归第一财经所有。未经第一财经书面授权，不得以任何方式加以使用，包括转载、摘编、复制或建立镜像。第一财经保留追究侵权者法律责任的权利。 如需获得授权请联系第一财经版权部：021-22002972或021-22002335；banquan@yicai.com。 文章作者 齐琦  
平安入股招商蛇口 成第五大股东,2020-07-13T09:13:50, 随着7月12日晚间系列新公告的披露，招商蛇口（001979.SZ）与中国平安（601318.SH/02318.HK）资产重组预案的更多细节浮出水面。此前的6月7日，招商蛇口最早宣布，拟以发行股份、可转换公司债及支付现金的方式向深投控购买其持有的深圳市南油（集团）有限公司（下称“南油集团”）24%股权，并就此向中国平安旗下的平安资管定增募资。根据公告，招商蛇口购买南油集团24%股权的交易价格定为70.35亿元。其中，招商蛇口以发行股份、可转换公司债及现金方式支付的对价分别占本次交易对价的2.5%、47.5%和50%。具体而言，以发行股份方式支付的对价为1.76亿元；以发行可转换公司债券方式支付的对价为33.42亿元；以现金方式支付的对价为35.17亿元。而现金部分将全部来自向平安资管募集的资金。除了重组预案交易价格信息进一步公开外，新股发行价格也有所调整。根据《附条件生效的非公开发行股份认购协议之补充协议》显示，因招商蛇口权益分派导致股份发行价格相应调整，招商蛇口向平安资管非公开发行股份价格由此前的16.58元/股调整为15.77元/股。平安资管同意以现金认购招商蛇口本次非公开发行的2.23亿股股份。招商蛇口此番发行新股收购的标的资产南油集团，成立于1984年，由招商蛇口和深投控分别持有76%、24%的股权，此前南油集团已由招商蛇口并表。深投控为深圳市国资委下属企业。交易完成后，深投控将不再持有南油集团的股份，招商蛇口则实现对南油集团全资控股。南油集团主要从事园区开发、物流仓储等业务，公司主要资产位于深圳前海片区。南油集团下属公司拥有深圳前海妈湾片区80.62万平方米土地的使用权。该片区处于粤港澳大湾区核心城市深圳的核心位置，是近年房企争夺的明星片区。招商蛇口近年也通过多种途径获取前海的优质土地资源。此次收购南油集团同样绕不开吸纳优质土储的目标。招商蛇口也指出，本次交易完成后，南油集团将成为该公司全资下属公司，进一步增强招商蛇口对于前海自贸投资的控制，有利于公司提高其在前海片区享有的资源价值。在涉及到股权结构层面来看，在考虑深投控所持上市公司新发行可转换公司债按照初始转股价格全部转股的情况下，假设深投控所持上市公司本次新发行的可转换公司债均以16.60元/股进行转股，本次交易完成后深投控将持有招商蛇口2.54%股份，平安系企业平安人寿将持有招商蛇口2.67%股份，位列招商蛇口第五大股东。这是险资战略入股地产企业的又一案例。业内认为，房企和险企具有业务互补性。一方面保险具有大量低成本资金，能够帮助房企补充资金、提供稳定现金流；另一方面，地产股普遍具备高股息率、高分红的特点，长期持有也令险企获利颇丰。金地集团（600383.SZ）、华侨城A（000069.SZ）、佳兆业（01638.HK）等诸多房企的股东中均闪现险资的身影。中国平安一直身处地产圈食物链的顶端。它自2015年起深度介入房地产市场，不仅投资大量不动产项目，还斥巨资持有多家上市房企股权，堪称地产圈的“隐形一哥”。截至目前，中国平安是华夏幸福（600340.SH）、碧桂园（02007.HK）、中国金茂（00817.HK）、旭辉控股（00884.HK）、朗诗地产（00106.HK）的第二大股东。它还持有金地集团、保利地产（600048.SH）、华润置地(01109.HK)、绿城中国(03900.HK)等房企的股票。与宝能系野蛮人的形象截然不同，平安系因温和的投资方式，被不少机构投资者称为“安静的二股东”。背靠中国平安这棵大树，房企似乎也就获得了更多拓展业务边界的可能性。对于转型中的招商蛇口来说，平安系的战略入股或许能给招商蛇口带来业绩、估值、债务等各方面新的变量。7月9日晚间，招商蛇口发布2020年6月份销售简报。公告显示，公司上半年累计实现签约销售面积497.30万平方米，同比减少3.48%；累计实现签约销售金额1107.13亿元，同比增加9.41%，上半年每平米单价上涨明显。粗略来看，这一签约销售金额已达去年一半。按照公司董事长许永军拟定的今年2500亿元的销售目标来看，实现难度并不大。此前，招商蛇口还在互动平台上称，公司通过与深圳本地免税运营商深圳免税集团合作，已初步进入了免税消费领域，未来公司将继续以打造创新型“邮轮+免税”产业模式为目标，积极拓展各类免税业务。此次，中国平安成为公司第五大股东，或许能为招商蛇口业务前景打开更多想象空间。第一财经广告合作，请点击这里此内容为第一财经原创，著作权归第一财经所有。未经第一财经书面授权，不得以任何方式加以使用，包括转载、摘编、复制或建立镜像。第一财经保留追究侵权者法律责任的权利。 如需获得授权请联系第一财经版权部：021-22002972或021-22002335；banquan@yicai.com。 文章作者 吴俊捷  
国家卫健委：昨日新增确诊病例8例，均为境外输入,2020-07-13T08:48:43, 据国家卫健委7月13日通报，7月12日0—24时，31个省（自治区、直辖市）和新疆生产建设兵团报告新增确诊病例8例，均为境外输入病例（内蒙古4例，广东2例，上海1例，山东1例）；无新增死亡病例；无新增疑似病例。当日新增治愈出院病例14例，解除医学观察的密切接触者538人，重症病例与前一日持平。境外输入现有确诊病例86例（其中重症病例1例），现有疑似病例4例。累计确诊病例1979例，累计治愈出院病例1893例，无死亡病例。截至7月12日24时，据31个省（自治区、直辖市）和新疆生产建设兵团报告，现有确诊病例320例（其中重症病例3例），累计治愈出院病例78648例，累计死亡病例4634例，累计报告确诊病例83602例，现有疑似病例7例。累计追踪到密切接触者766622人，尚在医学观察的密切接触者3494人。31个省（自治区、直辖市）和新疆生产建设兵团报告新增无症状感染者6例（境外输入6例）；当日无转为确诊病例；当日解除医学观察8例（境外输入5例）；尚在医学观察无症状感染者110例（境外输入85例）。累计收到港澳台地区通报确诊病例1966例。其中，香港特别行政区1469例（出院1214例，死亡7例），澳门特别行政区46例（出院45例），台湾地区451例（出院438例，死亡7例）。第一财经广告合作，请点击这里此内容为第一财经原创，著作权归第一财经所有。未经第一财经书面授权，不得以任何方式加以使用，包括转载、摘编、复制或建立镜像。第一财经保留追究侵权者法律责任的权利。 如需获得授权请联系第一财经版权部：021-22002972或021-22002335；banquan@yicai.com。 
212条河流发生超警以上洪水 19条超历史纪录,2020-07-13T08:48:01, 12日，水利部将水旱灾害防御应急响应提升至Ⅱ级。7月4日以来，212条河流发生超警以上洪水，其中72条河流超保，19条超历史纪录，太湖持续15天超过警戒水位。11日，江西、浙江启动Ⅰ级响应，水利部长江水利委员会、湖北、安徽启动Ⅱ级响应，太湖流域管理局启动Ⅲ级响应，江苏、湖南、重庆、贵州启动Ⅲ级响应，云南启动水旱灾害防御Ⅳ级响应。各地汛情、雨情江西鄱阳湖主体及附近水域面积达近10年最大中国气象局组织江西省气象局和国家卫星气象中心利用2010年以来近10年的卫星遥感监测结果，并结合近60年气象观测数据，对江西省鄱阳湖主体及附近水域变化状况进行了科学监测评估，结果显示鄱阳湖主体及附近水域面积达4206平方公里，为近10年最大。3个水文站水位超出1998年历史极值截至7月12日7时，江西饶河鄱阳站水位突破1998年历史极值22.61米，达到22.74米，超出1998年的历史极值水位13厘米，目前仍在上涨中。截至7月12日0时，鄱阳湖星子站水位22.53米，较历史实测最高水位22.52米（1998年8月2日）高0.01米，目前水位仍在上涨。截至7月11日21时，鄱阳湖康山站水位22.44米，较历史实测最高水位22.43米（1998年7月30日）高0.01米，目前水位仍在上涨。都昌县64个单退圩堤进洪随着江西鄱阳湖水位上涨，湖区一些单退圩堤已经达到了进洪水位。单退圩堤是指“低水种养，高水蓄洪”，在圩堤上建设进洪和排涝设施，遇进洪水位以上洪水时分蓄洪水。目前，江西都昌县64个单退圩堤自动进洪，3000多名群众被转移安置。洪涝灾害导致江西521.3万人受灾 直接经济损失64.9亿元据江西省防汛抗旱指挥部的消息，根据江西省应急管理厅统计江西各地上报，截至7月11日17时统计，7月6日开始的洪涝灾害有南昌、景德镇、九江、上饶等10个省区市和赣江新区社会事务局共98个县（市、区，含功能区）521.3万人受灾，紧急转移安置43.2万人，需紧急生活救助16.7万人。农作物受灾面积455.7千公顷，绝收75千公顷，倒塌房屋403户988间，严重损坏房屋783户1940间，一般损坏房屋3405户6515间，直接经济损失64.9亿元，灾情还在进一步统计核查中。湖北长江汉口站水位超过历史第四高水位截至12日13时，长江水利网数据显示，长江汉口站水位到达28.7米。这一水位超过了发生在1996年7月22日的历史第四高水位。历史资料显示，长江汉口站（武汉关）曾经的历年最高水位按照由高到低排列前十的水位分别是：29.73米（1954年8月18日），29.43米（1998年8月19日），28.89米（1999年7月23日），28.66米（1996年7月22日），28.37 米（2016年7月7日），28.28米（1931年8月19日），28.11米（1983年7月19日），27.79 米（1995年7月9日），27.76 米（1980年9月2日），27.76米（2002年8月25日）。富河11日水位超历史极值！阶段性分洪结束 水位下降25厘米湖北也有水文站水位突破历史极值：11日6时，阳新富河水位达到23.7米，超过1998年23.69米的历史最高洪水位。11日7时，富水水库停止向富河泄洪，17时30分，当地已打开连接富河与网湖的闸门进行分洪，以降低富河的水位，缓解富河的防汛压力。分洪前，富河如同“悬河”，水位距堤顶不足2米，水面开阔，流速较慢。网湖水位18.14米，富河水位23.72米，落差5米多。分洪后，网湖水位将抬升1.5米达到19.5米，水面从现有7万亩扩大到8万亩左右。网湖内分隔的鱼塘将冲毁，沿湖农田将淹没，沿湖村庄也将进水。7月12日中午12时，湖北阳新县富河与网湖连接的分洪闸缓缓关闭，富河的分洪阶段性结束。经过此次分洪，富河的水位比分洪前下降了25厘米。网湖的水位则从18.14米上涨至19米。安徽长江干流大通站流量超过1998年历史最大流量根据监测，截至7月12日8时，受上游来水影响，长江下游重要水文站：安徽大通站流量已升至8.26万立方米/秒，超过1998年最大流量。长江干流持续超警 境内多地水位超警戒线受长江中上游来水影响，安徽长江干流水位继续上涨。7月12日13时，长江干流大通站水位16.06米，超警戒水位1.66米；7月11日15时，巢湖忠庙站水位10.91米，超警戒水位0.41米；水阳江新河庄站水位13.30米，超保证水位0.3米。芜湖全线超警 武警紧急驰援连日来，安徽省芜湖无为市多地持续强降雨，无为市内河连续全线超警戒水位100毫米，降雨量累计已超过600毫米，最大降雨量达970毫米，长江江心洲、外滩圩防汛抗洪形势严峻。7月11日，武警第二机动总队某支队立即启动抗洪抢险预案，45分钟内，200名官兵，49台大型机械装备、11艘舟艇、500套救援器材完成集结装载，采用摩托化机动的方式迅速奔赴一线。江苏长江江苏段、石臼湖洪水橙色预警 太湖持续超警戒水位12日9时23分，江苏省水文水资源勘测局发布信息：昨日（11日），江苏苏南地区中到大雨；江淮之间中到大雨，其中南京、淮安部分地区暴雨；沂沭泗地区大到暴雨，其中徐州部分地区大暴雨。最大点雨量徐州寿山橡胶坝站164毫米。全省雨量超50毫米笼罩面积30658平方公里，超100毫米笼罩面积6532平方公里。长江江苏段、石臼湖洪水橙色预警；太湖、秦淮河洪水黄色预警；滁河江苏段及苏南运河无锡段、苏州段、常州段洪水蓝色预警。江苏发布大风警报和降雨预报 解除暴雨黄色警报12日，江苏全省阴有阵雨或雷雨，其中沿江以北地区中到大雨，局部暴雨，其他地区中雨，全省偏南风转偏北风，风力：淮北地区5~6级，阵风7级，其他地区4~5级，阵风6级，有雷雨地区雷雨时短时阵风8~9级。江苏省气象台2020年07月12日06时59分解除暴雨黄色预警信号，但今天白天徐州东部、连云港、宿迁、淮安、盐城北部仍有中到大雨，局部暴雨。江淮之间到沿江局部地区需关注强对流天气。江苏发布滁河江苏段洪水蓝色预警江苏省水利厅2020年7月11日20时发布滁河江苏段洪水蓝色预警。受上游来水和长江潮位顶托，7月11日19时，滁河晓桥站水位上涨至9.82米，超警戒水位0.32米。湖南洞庭湖区2856公里堤防外河水位超过警戒水位12日8时，洞庭湖区共有24个水文（水位）站超过警戒水位，5个水文（水位）站超过保证水位。其中：洞庭湖城陵矶站水位34.55米，超警2.05米，达到保证水位。11日洞庭湖日均入湖流量36730立方米每秒，湖区共24站仍超过警戒水位，130个堤垸、2856公里堤防外河水位超过警戒水位，其中15个堤垸、308公里堤防外河水位超过保证水位。受洪水影响，湖南长沙橘子洲景区于11日14时启动紧急闭园措施。重庆重庆市气象台7月11日23时继续发布暴雨黄色预警信号，预计7月11日23时到12日20时，巴南、南川、綦江、万盛、涪陵、长寿、丰都、垫江、万州、开州、梁平、忠县、云阳、奉节、巫山、巫溪、黔江、武隆、石柱、秀山、酉阳、彭水等地将有暴雨，并伴有雷电、阵性大风等强对流天气。未来三天重庆降雨持续 ，12日白天，重庆境内长江沿线及以南地区大雨到暴雨，局地大暴雨，其余地区小雨到中雨。贵州10日起 连续7天迎来新一轮强降雨据贵州省气象台预报，此轮持续性强降雨从10日夜间开始袭击贵州，预计连续7天都将有降雨。强降雨发生同时，伴随有雷电、局地短时强降水等强对流天气。主要暴雨过程预计集中在11日夜间至13日白天、14日夜间至16日夜间。贵州省气象台11日继续发布暴雨预报，预计11日白天到夜间，全省阴间多云，有阵雨或雷雨，北部和东南部地区有中到大雨，部分乡镇暴雨，个别乡镇大暴雨。
“康美案”余震初现，国信证券变更定增联席主承销商,2020-07-13T08:35:53, 7月12日晚间，国信证券发布公告称，公司董事会审议通过议案，不再聘请广发证券为公司非公开发行A股股票联席主承销商，变更为中国银河证券、红塔证券。值得注意的是，这是广发证券继“康美案”受罚后首家变更联席主承销商的投行项目。7月10日晚，广发证券公告称，证监会拟对公司采取暂停保荐机构资格6个月、暂不受理债券承销业务有关文件12个月的监管措施。同时，拟对14名直接责任人及负有管理责任的人员分别采取认定为不适当人选10年至20年、公开谴责、限制时任相关高管人员领取报酬等监管措施，并责令广发证券对相关责任人员进行内部追责，按公司规定追回相关报酬收入。随后，广发证券公布了广东证监局的具体处罚人员名单。今年3月2日，国信证券成为第二家落实再融资新规的上市券商，原方案拟募资150亿元的定增金额不变，但发行时间、发行价格、发行对象数量以及限售期四个方面内容进行了调整，相关事宜于3月19日提交股东大会审议。第一财经记者注意到，国信证券2019年8月5日定增批文生效，本应到2020年2月4日到期失效，后虽然因疫情突发批复有效期从2020年1月31日起暂缓计算，但之前近6个月时间一直未实施此项非公开发行预案。“更换联席承销对国信证券没什么影响，但IPO的企业就比较麻烦，重新换保荐机构到项目推进大概要三个月，快的话两个月也够。而换保荐机构之前企业已经付给广发证券的上市费用也很难让其赔付。” 资深投行人士王骥跃告诉第一财经记者。据Wind资讯统计，以最新公告日来看，广发证券仅今年上半年推进的IPO保荐项目就达22个。其中创业板项目数量最多，达到6个，主板、科创板项目各有5个，中小板项目3个。伊莱特能源装备股份公司项目为广发证券与中泰证券联合保荐，其余21个项目均为广发证券独立保荐。另外，广发证券债券承销规模较大，据公司2019年年报，2019年全年广发证券主承销发行债券1359.29亿元，同比上升41.13%。其中，主承销金额最大的是金融债，达504.84亿，其它有公司债（423.34亿）、企业债（280.33亿）。“因为债券主承销体量较大，暂停债券承销业务12个月对广发证券影响还是挺大的。”王骥跃补充道。第一财经广告合作，请点击这里此内容为第一财经原创，著作权归第一财经所有。未经第一财经书面授权，不得以任何方式加以使用，包括转载、摘编、复制或建立镜像。第一财经保留追究侵权者法律责任的权利。 如需获得授权请联系第一财经版权部：021-22002972或021-22002335；banquan@yicai.com。 文章作者 邸凌月  
北京连续7天0新增 昨日出院14例,2020-07-13T08:42:58, 据北京市卫健委7月13日通报，7月12日0时至24时，无新增报告本地确诊病例、疑似病例和无症状感染者，治愈出院病例14例；无新增报告境外输入确诊病例、疑似病例和无症状感染者。6月11日0时至7月12日24时，累计报告本地确诊病例335例，在院226例，治愈出院109例。尚在观察的无症状感染者18例；无新增报告境外输入新冠肺炎确诊病例、疑似病例和无症状感染者。全市无本地报告新增确诊病例，具体为平谷区自有疫情以来无报告病例、延庆区171天、怀柔区157天、顺义区155天、密云区152天、石景山区28天、门头沟区27天、房山区27天、东城区26天、通州区22天、朝阳区21天、西城区20天、海淀区17天、昌平区17天、大兴区12天、丰台区7天。7月11日0时至24时，丰台区卢沟桥（地区）乡，大兴区魏善庄镇、高米店街道由中风险地区调整为低风险地区。截至7月11日24时，我市共有高风险地区1个，为丰台区花乡（地区）乡；共有中风险地区9个，为丰台区丰台街道、卢沟桥街道、马家堡街道、新村街道，大兴区北臧村镇、黄村（地区）镇、青云店镇、兴丰街道、西红门（地区）镇。第一财经广告合作，请点击这里此内容为第一财经原创，著作权归第一财经所有。未经第一财经书面授权，不得以任何方式加以使用，包括转载、摘编、复制或建立镜像。第一财经保留追究侵权者法律责任的权利。 如需获得授权请联系第一财经版权部：021-22002972或021-22002335；banquan@yicai.com。 
利比亚石油出口再次被迫暂停,2020-07-13T08:15:32, 当地时间12日晚，利比亚国家石油公司发布声明称，利比亚石油出口因遭遇不可抗力被迫再次暂停。声明表示，由于隶属利比亚国民军的武装力量再次封锁油田，因此利比亚石油出口暂停。10日，利比亚的石油出口在因遭遇封锁而中断了六个月后重新恢复，但仅隔一日，隶属利比亚国民军的武装力量便在11日再次封锁了利比亚最大的油田沙拉拉油田以及最大的油港锡德拉港。利比亚国家石油公司在声明中对这一行为表示公开谴责，并称是阿联酋方面指示利比亚国民军再次封锁了油田。利比亚国家石油公司要求国民军武装尽快解除封锁，同时呼吁联合国安理会介入该问题。利比亚国民军方面11日表示，解除对油田及油港的封锁需要建立在对石油出口收入进行合理分配的基础上，并提出了建立有国际监管的透明机制、在第三国建立利比亚石油出口收入账户以及禁止将石油出口收入用于资助民兵组织及雇佣军武装等具体条件。
财经早班车 | 银保监会重磅发声，周一A股如何走？,2020-07-13T08:02:19, 1、金融委全面落实“零容忍”，祭岀A股打假组合拳！7月11日，国务院金融稳定发展委员会召开第三十六次会议，研究全面落实对资本市场违法犯罪行为“零容忍”工作要求。会议提出，由证监会会同相关部门建立“打击资本市场违法活动协调工作小组”，形成打击资本市场违法活动合力，共同维护资本市场健康稳定。金融委认为，欺诈发行、财务造假等违法犯罪行为是资本市场的“毒瘤”，损害广大投资者合法权益，危及市场秩序，制约资本市场功能的有效发挥，必须坚决、果断、及时地加以纠正。这也是4月份金融委关注到资本市场违法犯罪行为以来，年内第四次在金融委会议中提及要重视资本市场违法犯罪行为。2、银保监会严厉发声：严禁银保违规场外配资！严查乱加杠杆和投机炒作行为7月11日银保监会官网发布《中国银保监会新闻发言人答记者问》。文中提到A股时指出，部分市场乱象有所反弹，部分资金违规流入房市股市，推高资产泡沫；深入开展市场乱象整治“回头看”，依法严厉打击资金空转和违规套利行为。严禁银行保险机构违规参与场外配资，严查乱加杠杆和投机炒作行为，防止催生资产泡沫，确保金融资源真正流向实体经济中最需要的领域和环节。当日，银保监会新闻发言人还介绍了当前银行业不良资产、风险防范化解措施、资本补充和拨备情况等。3、6月金融数据继续回暖：新增贷款1.8万亿，社融3.4万亿央行金融数据显示，中国6月M2货币供应同比增长11.1%，增速与上月末持平，比上年同期高2.6个百分点；6月人民币贷款增加1.81万亿元，同比多增1474亿元。6月社会融资规模增量为34300亿元，比上年同期多8099亿元。央行调查统计司司长兼新闻发言人阮健弘指出，整体上来看上半年金融总量是充足的，服务实体经济的效率是比较高，有效地支持了疫情防控和经济社会的发展。4、七部门联合印发《意见》，部署扩大农业农村有效投资中央农办、农业农村部、发改委等7部门联合印发《关于扩大农业农村有效投资加快补上“三农”领域突出短板的意见》，要求加快高标准农田、农产品仓储保鲜冷链物流设施、现代农业园区、动植物保护、沿海现代渔港、农村人居环境整治、农村供水保障、乡镇污水处理、智慧农业和数字乡村、农村公路、农村电网等11个农业农村重点领域补短板重大工程项目建设。5、6月汽车产销量创同月份历史新高中汽协最新统计数据显示，6月汽车产销持续回暖，产销分别完成232.5万辆和230.0万辆，同比分别增长22.5%和11.6%，产销量创同月份历史新高。今年上半年，我国汽车产销分别完成1011.2万辆和1025.7万辆，好于预期。1、隔夜市场：美股集体收涨，纳指再创新高美东时间上周五，美股收涨纳指再创新高。标普500指数收盘上涨32.99点，涨幅1.05%，报3185.04点；纳斯达克指数收盘上涨69.69点，涨幅0.66%，报10617.44点；道琼斯指数收盘上涨369.21点，涨幅1.44%，报26075.30点。（上周五美股收盘点位；数据来源：Wind）2、爆买近600亿！北上资金大举杀入A股上周A股在金融板块带领下，继续大涨，沪指一周累计上涨7.31%。北上资金上周净买入282.08亿元，已连续第2周净买入逼近300亿，其中沪股通净买入137.32亿元，深股通净买入144.76亿元。截至7月12日，7月北上资金已累计净买入585.17亿元，刷新今年以来的月买入纪录。值得注意的是，在A股涨幅巨大情况下，北上资金在上周五出现了7月以来第一次日流出，当日也是本月沪指的第一次下跌。（数据宝）3、7天减持超350亿！牛市情绪下，国家大基金等减持潮汹涌刚过去的7个交易日，A股上市公司重要股东公告减持的金额已达353.58亿元，两市共有407家上市公司遭遇重要股东的减持，这也预示着7月将创下年初以来月度减持金额纪录，甚至年内减持纪录或没有太大的悬念。除了重要股东和高管忙着减持以外，国家集成电路产业投资基金、社保基金也展开了一轮密集的减持动作。（券商中国）4、863家公司发布业绩预告，上半年近四成预喜数据显示，截至7月12日，A股总计有863家上市公司发布2020年上半年业绩预告。其中38.47%的上市公司业绩预喜，包括205家预增、17家续盈、37家扭亏、73家略增。上市公司的业绩情况也直接影响着相关板块的二级市场表现。数据显示，按照后复权（现金分红）的模式统计，今年以来，截至7月12日，A股总计有241家上市公司累计涨幅超100%，其中包括58家医药生物上市公司，占比超24%。（证券日报）5、1签赚20万还没开板，这只新股太豪横！年内最强打新周来了年内最强打新周来临！根据目前发行安排，本周将迎来多达15只A股新股申购，成为2020年以来新股数量最多的一周！值得注意的是，近期随着市场走强，打新收益不断走高。就在上周，康华生物（300841.SZ）中一签收益已逼近20万元，成为A股有史以来最赚钱新股；国盾量子（688027.SH）也上演了“一天涨10倍”的神话。（证券时报网）6、深交所发出注册制下首批创业板再融资审核问询函日前，深交所已完成创业板注册制下再融资在审企业的申请受理工作，并按其在证监会的审核阶段和受理顺序开展审核工作。7月10日，深交所发出创业板试点注册制下首批再融资审核问询函，共对19家在审企业提出问询，其中4家向不特定对象发行证券申请，15家向特定对象发行证券申请。7、注意！交易所宣布，这几类股票涨跌幅变为20%！7月10日晚间，深交所发布了一项创业板注册制下的配套规定，创业板的风险警示股票（ST、*ST股票）涨跌幅会变成20%（原来规定是5%）。退市整理期股票有两种情况：一是新规前已进入退市整理期、且新规后还处于退市整理期的创业板股票涨跌幅始终为10%；二是新规后新进入退市整理期的股票涨跌幅变成20%。1、特斯拉（TSLA.US）在美国大幅下调Model Y价格，至5万美元下方特斯拉美国官网显示，Model Y起售价下调至50000美元下方，当前Model Y长续航版起售价为49990美元，较此前下调了3000美元，这对一个数月前才推出市场的车型来说，是一个非常大的降价幅度。此外，特斯拉还更新了其高性能Model Y的版本，无论是否选择“性能包”（Performance Package），都将在此前的基础上增加几个特征：最高时速从145英里/小时提高至155英里/小时以及高性能刹车等。2、华为自动驾驶专利曝光！华为HiCar场景落地最近，华为自动驾驶操作系统内核获车规功能安全ASIL-D认证。券商分析称，华为自动驾驶坚持车路协同路线，量产在即。2019年9月，华为消费者业务CEO余承东表示，华为HiCar生态伙伴超过30家车厂，合作车型超过120款。据悉，搭载了华为HiCar、5G、手机NFC车钥匙等重磅科技的比亚迪“汉”正式上市。（中国证券报）3、中芯国际（688981.SH）：网上投资者放弃认购49.1万股中芯国际披露发行结果，网上投资者放弃认购49.1万股，弃购金额1348万元，网上、网下投资者放弃认购股数全部由海通证券包销。1、马斯克身家超越巴菲特，晋升全球第七大富豪7月10日美股收盘，近期亮眼的特斯拉再次大涨10.78%，股价突破1500美元，最大触及1548.92美元，收盘报1544.65美元，年内已暴涨了269.24%，近一年更是狂涨了571.41%。得益于特斯拉股价的飙升，马斯克的财富在本周五增加了61亿美元。马斯克总身家达705亿美元，目前是全球第七大富豪，排名超越了股神巴菲特（692亿美元），也领先于甲骨文公司创始人拉里·埃里森和谷歌创始人谢尔盖·布林。2、人均周赚3.9万！“没投感觉错过1个亿想跑步进场？”“新股民忙着开户入市，老股民调侃自己没跑赢指数。之前嚷嚷投资房产的，现在在讨论股票，就连街口的老大爷，都来问问你股市如何。”有网友如此感慨近期A股的表现。按市值计算，上周A股市值涨了6.2万亿元，1.6亿股民平均赚了3.9万元。（21世纪经济报道）（绝对值葛鹏） 第一财经广告合作，请点击这里此内容为第一财经原创，著作权归第一财经所有。未经第一财经书面授权，不得以任何方式加以使用，包括转载、摘编、复制或建立镜像。第一财经保留追究侵权者法律责任的权利。 如需获得授权请联系第一财经版权部：021-22002972或021-22002335；banquan@yicai.com。 文章作者 绝对值  
本周外盘看点丨关注美国疫情和零售数据，美股财报季启幕,2020-07-13T04:07:30, 上周国际市场风云变幻，新冠肺炎疫情在全球继续快速传播引发资本市场波动，美国宣布将退出世卫组织，欧盟下调经济增速预期。美股录得周线两连阳，道指涨1.0%，纳指涨4.0%，标普500指数涨1.8%，欧洲三大股指表现分化，英国富时100指数周跌1.0%，德国DAX 30指数周涨0.8%，法国CAC 40指数周跌0.7%。本周看点颇多，欧洲、日本、加拿大等央行将公布利率决议，美联储将公布经济状况褐皮书，美股财报季来袭，OPEC+将召开联合部长级监督委员会（JMMC）会议。关注美国零售数据上周美国新冠肺炎确诊病例突破300万，不过吉利德科学公布的新冠肺炎治疗药物瑞德西韦临床数据给市场带来希望，此外BioNTech透露，其与辉瑞公司共同开发的新冠疫苗预计将在2020年底前通过审批。周日，全美新冠肺炎确诊新增病例继续上升。其中，佛罗里达州新增1.5万人，再创单日新高。本周美国将公布的重要数据包括6月CPI、营建许可、新屋开工月率，7月纽约联储、费城联储制造业指数和密歇根大学消费者信心指数，最重要的当属6月零售销售月率。美国零售总额占到个人消费支出25%，对经济增长影响重大，5月美国零售销售增长17.7%，增速创历史新高，主要因为随着各州隔离措施松绑，消费者开始重新消费。目前机构预测上月零售销售增速为5.5%。美股将迎来全新的财报季，路孚特(Refinitiv)调查显示，分析师预测标普500指数成分股公司上季度利润将同比下滑43.9%，创2008年以来最差表现，近80%的企业未公布业绩指引。考虑到投资者对此已经有所预期，外界焦点可能更多放在有关裁员、削减股息和减少回购等消息上。本周将公布财报的企业包括摩根大通、富国银行、花旗、奈飞、强生等。多位美联储官员将继续发表讲话，他们可能会重申经济复苏需要更长时间，如有需要，美联储准备采取进一步行动的立场。截至7月8日，美联储的资产负债表规模环比减少约880亿美元，至6.97万亿美元，创近11年最大单周降幅，显示金融市场流动性压力有所缓解。美联储将公布经济状况褐皮书，各大地方联储届时会介绍近一个月来经济复产后各行业发展情况。原油面临需求考验上周国际油价艰难收涨，IEA上调全球能源需求预期提振市场情绪，但疫情对经济复苏前景形成打压。WTI原油近月合约收报40.70美元/桶，周涨0.7%，布伦特原油近月合约收报43.17美元/桶，周涨0.9%。沙特上周决定将其所有级别原油的溢价水平上调1美元/桶，这也是欧佩克最大产油国连续第三个月提价。不过本月末OPEC+减产协议到期后各国限产规模可能出现调整，有消息人士透露，沙特无意继续就减产采取任何激进措施，此外阿联酋阿布扎比国家石油公司ADNOC计划将8月的原油出口增加30万桶/日。7月14-15日，OPEC+将召开联合部长级监督委员会（JMMC）会议，关注产油国是否会将减产协议继续延期，如果OPEC+暗示本月底减产规模从970万桶/日降至770万桶/日，原油价格可能下滑。本周投资者还可关注欧佩克原油市场月度报告，报告中将包含最近一个月原油市场供给、需求和库存的变化，以及对原油未来供需的预期。如果报告整体基调偏向乐观，有望短线支撑油价进一步上攻。国际能源署IEA月度报告显示，6月全球石油供应下滑240万桶/日，刷新近九年以来的低点——8690万桶/日。IEA指出，新冠肺炎病例数不断增加给市场前景蒙上了阴云，预期2020年全球原油需求将下滑790万桶/日。多国央行公布利率决议本周日本、加拿大和欧洲央行将公布利率决议。考虑到日本央行在3月和4月利率决议中增加了刺激计划，市场普遍预期本月日本央行将保持货币政策不变，并对经济前景持谨慎乐观的态度，暗示日本央行已经采取了足够的措施来缓解疫情造成的打击，可关注届时将公布的经济展望报告。上月，欧洲央行维持三大关键利率不变，将紧急抗疫购债计划（PEPP）规模进一步扩大6000亿欧元至1.35万亿欧元。市场预计本月欧洲央行将按兵不动，在疫情形势严峻的背景下，关注欧央行是否将释放进一步刺激政策的信号。受公共卫生事件影响，欧盟委员会上周下调了今明两年GDP预测。本周欧盟各国领导人将召开会议，就欧洲复苏基金进行进一步讨论。欧洲理事会主席米歇尔此前公布了对欧洲经济复苏计划的折衷方案，将2021-2027年欧盟预算增加至10740亿欧元。维持7500亿欧元欧盟复苏基金的提议，同意通过补助金的方式发放5000亿欧元。加拿大央行15日将公布利率决议，这是新任行长麦科勒姆（Tiff Macklem）任内首次议息会议，市场预期届时加拿大央行将维持基准利率在0.25%不变。在上月的公开讲话中，麦科勒姆表示，加拿大经济需要很长时间才能从疫情封锁中完全恢复，这将要求央行继续购买政府债券，并无限期地将利率维持在历史低点。他当时表示，加拿大央行每周将继续购买至少50亿加元的加拿大国债，以帮助降低家庭和企业的长期借贷成本。下周看点第一财经广告合作，请点击这里此内容为第一财经原创，著作权归第一财经所有。未经第一财经书面授权，不得以任何方式加以使用，包括转载、摘编、复制或建立镜像。第一财经保留追究侵权者法律责任的权利。 如需获得授权请联系第一财经版权部：021-22002972或021-22002335；banquan@yicai.com。 文章作者 樊志菁  
新兴市场20周首现净流入，回调下外资如何看中国市场？,2020-07-12T23:47:33, 上周，全球股市转为资金净流入，新兴市场更是在连续20周流出后重回净流入状态。尽管疫情反复，但全球风险情绪仍在持续改善。全球资金上周重新净流入海外中概股，流入港股的南下资金更是翻番，北向放缓但仍维持强劲，净流入282亿元。不过，在证监会严查场外配资、社保基金减持中国人保等消息影响下，连涨多日的市场在上周五降温，沪指尾盘跳水，一度跌逾2%，创业板高位震荡，北向资金大幅净流出43.93亿元，为7月以来首次净卖出。在小幅回调、全球风险情绪仍完好的背景下，外资机构当前如何看待中国市场？全球基本面和市场暂时脱节并非异常一段时间以来，市场持续关注经济基本面和股市、高收益债市场的脱节，并担忧这种脱节不可持续。例如，国际货币基金组织（IMF）工作人员近期的模型显示，在大多数主要发达经济体的股市中，市场价格与基本面估值的差异已接近历史最高水平。但是，市场向来更具前瞻性，且更关注的是近期的拐点和远期的复苏前景。“当前全球主要PMI都已经出现拐点，央行在持续扩表，而历来扩表速度和股市涨幅有强烈的正相关性，但事实上现在显示股票表现仍滞后于扩表速度，因此具有前瞻性的市场率先于经济基本面复苏，这是可以理解的。”荷兰大型资管机构荷宝（Robeco）亚太股票联席主管及中国首席投资总监缪子美近日对第一财经记者表示。所谓拐点，美银美林的数据显示，全球经济惊喜指数受亚太和美国数据的带动而反弹；成长敏感性资产的价格当前超前于EPS（每股盈利增速）近9个月。尽管如此，盈利增速拐点已现。全球盈利修正比例（Global Earnings Revision Ratio）已从4月的最低点0.2反弹至0.53；全球央行预计2020年要扩表7万亿美元，如今MSCI全球指数和新兴市场指数的涨幅都落后于扩表速度。同时，全球财富管理机构的现金配置达到巅峰位置，如果向股市轮动，则会带来近1万亿美元的潜在资金流入。“对全球基金管理人而言，一般都是流动性在先，基本面后来跟上，这并不值得惊讶。历次危机，当市场触底后的12个月内反弹幅度都较大，”缪子美表示，近期，不乏来自中东、欧洲的资金申购新兴市场、中国相关主题基金，在当前情况下，中国、韩国等亚太市场被相对看好。从具体数据来看，上周全球股票型基金在连续3周流出后转为流入，主要得益于新兴市场转为流入影响。美股上周继续流出，规模为26.4亿美元（ 前周流出29.8亿美元）；发达欧洲股市转为流入，规模为4.4亿美元（前周流出17.7亿美元）。新兴市场在连续20周流出后转为流入，规模为58.9亿美元（ 前周流出30.9亿美元）。另一项值得关注的指标在于，在截至6月17日的一周内，美联储资产负债表收缩了740亿美元，这一度引发市场担忧，甚至导致当时美元小幅走强。但事实并非表面那般。早前由于市场出现“美元荒”，美联储也开始与各大央行展开美元互换，以缓解美元短缺。但近期随着风险情绪缓解和互换协议到期，交易对手方并不再急需美元流动性，因此无需展期互换协议，美联储自然就看似“缩表”了。渣打G10外汇研究负责人Steve Englander对记者表示，这实则利好风险资产、利空美元。根据近几周持续到期的互换合约数据，除非美元需求突然恢复，否则交易量和美联储资产负债表会进一步大幅下跌。中国股市高估值待盈利回升消化转视中国，上周沪、深两市日成交额均超出1.5万亿元，为2015年以来的最高水平。如此大的交易量表明机构投资者和散户投资者的参与度都很高。近日，在市场持续火爆的背后，市场也出现降温信号：一是证监会严查场外配资，后续还将继续公布违规配资机构名单；二是社保基金减持中国人保，国家集成电路产业基金拟减持汇顶科技等；三是大基金减持多只热门科技股。高盛认为，与历史平均估值水平（5年平均估值12.1倍）相比，目前A股的估值（13.4）偏高，但盈利正常化将消化高估值。7月7日，高盛将沪深300的12个月目标价从4100点提升至4600点（对应13倍估值），将3个月目标价提升至5370点（+15%，对应16.6倍估值），即短期的情绪可能较长期更乐观。尽管市场估值有待中报季的检验，但缪子美表示，当前外资仍相较看好中国市场，其盈利拐点的能见度更高，消费有望在投资反弹后复苏。除了A股，满足香港“二次上市”要求的在美中概股（ADR）近期也大幅反弹。鉴于ADR和相应港股之间是随时可互相转换的，因此当前机构对持有ADR的担忧大幅下降。她提及，与全球各国相比，中国在疫情控制和宏观经济复苏方面具有优势，中国也是今年IMF预计GDP增速最高的国家。但与标准普尔500指数相比，大摩的数据显示，中国的12个月远期市盈率仍有40%的折让，这是自2014年4月以来的最高水平。不过，市场也在关注两融资金的影响。随着行情逐渐展开，两融资金规模上升很快，每周增加几百亿元规模，对行情起到推波助澜的作用。机构人士对记者表示，相对而言，两融资金的立场不太坚定，容易受行情波动影响，关注流入的同时要随时注意其撤退。不过，大摩认为，融资融券自2015年以来得到了很好的控制，占A股流通股市值的比例基本保持在4%左右，远低于当年的10%。互联互通机制优化有助外资流入此外，尽管今年外资净流入量已大不如去年，但仍是备受关注的边际力量。7月至今的短短几个交易日，北上资金净流入近600亿元。自开通以来，北上资金累计净买入首次突破1.1万亿元。近期港交所宣布，于7月10日推出SPSA集中管理（Master SPSA）服务，以便利基金经理从整体层面对可出售股份进行交易前端监控，同时保持与原有单个基金层面的SPSA一致的交易后结算过程。据第一财经记者了解，这一机制的推出将便利外资布局A股，也有望为MSCI等国际指数机构进一步扩容纳入A股扫清现存的四大障碍之一。去年11月，MSCI提出了有待解决的四大问题，包括：完善风险对冲和衍生品工具的获取，解决中国A股较短结算周期的问题，完善陆股通的交易假期安排，以及在陆股通中形成有效的综合交易机制。SPSA集中管理服务的推出，则是为了以一种创新、独立的方式实现外资普遍适应的综合交易机制。瑞银中国全球金融市场部主管房东明近期对记者表示，这一机制至关重要。在穿透式监管下，中国境内采取实名制交易，每一个投资者的身份都需确认。而国际机构所管理的资产组合背后可能有10个、100个甚至更多账户，在中国的实名交易体制下，就要一个个去做交易，这样每单交易所得到的价格可能都是不同的。在海外，投资者可委托代表人（如基金经理人）在综合交易账户机制下下单买卖股票，成交后再分配至各投资人账户，即用综合交易账户下单买卖，而交割仍回归至各投资人账户进行，使客户都能得到最平等的待遇，即一次性交易后再公平划分到每个投资者的账户。第一财经广告合作，请点击这里此内容为第一财经原创，著作权归第一财经所有。未经第一财经书面授权，不得以任何方式加以使用，包括转载、摘编、复制或建立镜像。第一财经保留追究侵权者法律责任的权利。 如需获得授权请联系第一财经版权部：021-22002972或021-22002335；banquan@yicai.com。 文章作者 周艾琳  
当疫情不存在？特朗普强令秋季大学重启，留学生懵了大学怒了,2020-07-12T23:18:12, 美国教育系统近日因总统特朗普颁布的一项针对全网课留学生的新政陷入混乱。美国入境与海关执法局（ICE）上周做出规定，持学生签证申请大学的，如果秋季开学全部网上授课，那么海外使领馆将不再向申请者颁发学生签证；即便持有学生签证，如果参加全网课，也将被拒绝入境。这一新政将对目前超过100万美国留学生造成重大影响。正在美国波士顿大学就读本科最后一年课程的上海学生杨晓瑞（化名）对此表示担忧。杨晓瑞今年3月份从美国飞回上海，在国内上美国的网课。不过，现在杨晓瑞的烦恼是，她所在的大学采取“混合制”授课，这要求她在秋季回到美国上课。但按照目前美国的旅行禁令，她回到美国前首先需要转道第三国隔离14天；而如果秋季学期开学前她无法回到美国，她的学生签证还将被取消。“美国大学被迫开学风险很大。” 上海纽约大学创校校长俞立中对第一财经记者表示，“全球疫情下所有人都很困难，但是中国在美国的留学生的处境是最为困难的。”学校被迫重新开放7月7日，美国教育部长贝齐·德沃斯（Betsy DeVos）明确表示，学校必须在秋季全面开放，这是政府的立场。“这并不是学校是否全面开放的问题，而是如何实现全面开放的问题。”德沃斯表示。为了强迫美国大学开学，特朗普发出行政命令，要求从秋季学期开始，剥夺选择全部在线上上课的学生的签证，并勒令他们离开美国。上周特朗普政府出台新规，要求美国入境与海关执法局（ICE）拒绝向秋季学期“全网课”学校或项目的国际学生发放签证，并拒绝这些学生入境。如果学校采用的是网课和面授课相结合的“混合制”模式，学生只能有一门课是网课（不能超过3学分），其他课程必须进行面对面教学。这一规定一出台就引发了全球各界的激烈争议。迫于压力，ICE于7月12日对上述规定做出了部分修改。根据修改内容，身在美国境内的国际留学生，不能全部选择上网课；身在美国境外的国际留学生，可以在当地选择上网课；没有回美国返校，但仍上网课的学生，学生身份仍然有效，该部分学生需要在SEVIS（学生和交流访问学者信息系统）中保持激活状态。与此同时，全美众多高校也正在计划应对这一新政的方法，纷纷增开秋季线下课程，例如加州伯克利大学将新建一门1学分（通常为3学分）的面授课程，而佛罗里达大学的部分学院将采取90%线上授课结合10%面授课程的模式。针对新规的出台，美国联邦最高法院出庭律师张军告诉第一财经记者：“受影响的主要是F1学生签证和M1培训签证，如果你现在已经在美国国内，但是学校课程全部要变成网课，那你就要考虑，要么离开美国在‘海外’去上网课，要么转学到其他不进行全程网课的学校。如果留在美国上网课的话，可能遭遇递解出境。”留学生的艰难处境对于一些国际学生而言，这一规定导致了他们未来的不确定性。杨晓瑞今年3月刚刚历经千辛万苦从美国回到国内，她原本预计秋天之前肯定能够回到美国，但考虑到美国的疫情出现明显反弹，杨晓瑞的返校计划也受到影响。杨晓瑞告诉第一财经记者，波士顿大学下一学期将采取“混合制”授课，线上和线下相结合，但是她现在无法回到美国。“要么就去柬埔寨、墨西哥或者斯里兰卡这些第三国隔离14天（转赴美国），要么就留在中国。”她说道，“但是如果我不回到美国，那么我在SEVIS的状态就会被取消，重新办理签证又面临不确定性。”她还说，大学在春季学期允许国际学生在其他国家进行网上授课的政策是“特批”。“现在看来这个政策无法再延续下去了。”杨晓瑞对第一财经记者表示。不仅如此，她现在还面临着缴学费的两难。“学费不仅照缴不误，而且每年涨价。”她抱怨道，“下一年的房租也已经全额缴纳无法退还，因为学校附近房源抢手，如果不能回到美国，损失会很大。”在美国的中国留学生同样面临着无助的境况。印第安纳大学计算机系研究生尼克（化名）对第一财经记者表示：“我们学校也采取了‘混合制’授课。我准备口罩、手套、眼镜统统戴上，毕竟大家一起在一间教室里上课，还是有聚集感染的风险。”麻省理工学院（MIT）一名教授也对第一财经记者表示：“学生是最大的受害者。比如他们想回家的时候买不到机票，现在回去了又不能保证下学期还能重新入境。一些学生会向教师倾诉他们的困难，学校也正在收集这些问题，希望能够帮助国际学生共克难关。”张军告诉第一财经记者：“在疫情之下，这样的一个命令确实给很多国际学生带来了前所未有的挑战。虽然有反对的声音，但目前看起来这个规定还是要推进的。建议留学生要想办法，不要让自己处在尴尬的位置。”美国大学的反抗根据2019年国际教育协会门户开放报告数据，特朗普这一要求国际学生参加面授课程计划将影响约100万名国际学生，而中国是输送留学生数量最多的国家，2018-2019年进入美国大学的中国留学生多达37万人。除了中国留学生之外，一些其他国家的留学生也开始重新考虑是否继续留在美国大学读书。尽管美国的高校拥有全球最高的声望，但政府的举动已经触发留学生众怒。“如果他们不希望我留在这里，那么我当初来美国的意义又是什么？”美国特拉华大学应用生理学博士生冈萨雷斯表示。她认为，这项决定凸显了美国政府和高校的脱节，大学希望追求学生和师资的多元化，而政府则做出了不利多元化发展的规定。一位纽约大学正在备考GRE（美国研究生入学考试之一）的本科学生纪尧姆对第一财经记者表示：“我原本计划继续在美国攻读研究生，毕竟美国在我所攻读的生物学专业领域是全球领先的。但是现在我会选择考虑加拿大或者其他欧洲国家。”哈佛大学和MIT上周就特朗普针对国际学生出台的新规提起诉讼。康奈尔大学、南加州大学、加州大学洛杉矶分校、西北大学、东北大学等高校均已加入到诉讼中。大学认为这一政策具有政治性，会让美国的高等教育体系面临颠覆。哈佛大学上周早些时候已经宣布，所有的课程都将通过网上授课，包括住校学生也都将接受网课。美国的新规将会让哈佛大学的5000名国际学生受到影响。哈佛大学校长拉里·巴考（Larry Bacow）表示：“这个行政命令在没有事先通知的情况下就下达了，目的是故意给大学施压，要求大学在秋天开放并进行面对面的授课，而无视疫情的风险和学生教师的生命安全。”纽约大学也在一份声明中指出：“美国大学的110万留学生已经融入了我们的教育体系，他们为美国教育的多元化和活力做出贡献。”纽约大学在即将开始的秋季学期中将会采取线上线下混合教学的制度，因此对国际学生的整体影响有限，但是对于那些无法来学校上课的学生的影响可能较大。“学校会最大程度上帮助这些受影响的学生，使其尽快回归课堂。”纽约大学方面在声明中表示。俞立中对第一财经记者表示：“办学自主是美国大学的立校之本，新政有违美国大学的办学理念，损害了大学的利益，必然会引发大学群起而攻之。”尽管美国大学拥有较大的自主权，但学校依然无法对留住国际学生做出百分之百的保证。“谁都没有答案，我们只能做好最坏的准备，期待最好的结果。”美国教育系统一名职员告诉第一财经记者。与此同时，国内一些知名大学正在利用学生犹豫的契机争取更多的顶尖人才。“我们已经有一些毕业生改变了主意，决定留在国内大学继续深造，放弃去美国的计划。”上海某知名大学一位教授告诉第一财经记者，“这些学生选择了生物和数学这些学科。”上海另一知名高校的一位学院负责人对第一财经记者表示：“美国的留学生新政可能会逼着更多美国名校来中国办学，现在已经有一些美国名校与中国大学签署了委托约定，可以学生托管，未来这种趋势可能加剧。”第一财经广告合作，请点击这里此内容为第一财经原创，著作权归第一财经所有。未经第一财经书面授权，不得以任何方式加以使用，包括转载、摘编、复制或建立镜像。第一财经保留追究侵权者法律责任的权利。 如需获得授权请联系第一财经版权部：021-22002972或021-22002335；banquan@yicai.com。 文章作者 钱童心  
投资总额近百亿助力粤港澳大湾区建设——十大重点项目签约落户广东金融高新区,2020-07-12T23:05:22, 建设粤港澳大湾区是历史性的重大机遇，打造国际一流湾区和世界级城市群，已经上升到国家战略层面，粤港澳大湾区民生一体化也在加快形成。作为粤港澳大湾区最宜居的城市之一，佛山也拥有雄厚的制造业基础。“金融活，经济则活；金融稳，经济则稳。”在宜居的佛山，广东金融高新区是金融机构重要聚集地。金融要如何更好支持实体经济？如何在粤港澳大湾区建设赋予更强劲的金融动能？广东金融高新区给出了自己的答案。7月7日，2020广东金融高新区重点项目进驻签约活动在千灯湖创投小镇举行。广东金融高新区引入了十大重点项目签约落户，投资总额近百亿元，涵盖银行、期货、基金、服务外包等前后台高端服务业态，其中更有三家为持牌金融机构。本次活动由广东省地方金融监督管理局和佛山市人民政府联合主办，广东金融高新区发展促进局、佛山市南海区人民政府联合承办。广东省地方金融监督管理局局长何晓军，广东省地方金融监督管理局副局长、广东金融高新区发展促进局局长倪全宏，佛山市人民政府副市长赵海，佛山市南海区人民政府区长顾耀辉等出席活动。首家落户地级市的公募基金引入项目的种类方面，广东金融高新区作出了历史性的重大突破，成功引入了首家落户地级市的公募基金。过去公募基金集中在“北上广深”，总部主要在一线城市，为一线城市居民投资理财提供了很多选择。随着资本市场快速发展、注册制改革的逐步落实，公募基金在居民财富管理当中扮演越来越重要的角色，一线城市以外也需要公募基金为居民财富保值增值“护航”。佛山市南海区一直是粤港澳大湾区宜居的代表，过去多年来经济快速发展，让居民财富有比较理想的积累。另一方面，随着越来越多优秀人才来到南海工作和生活，也对财富管理产生了更多的需求。“在地理优势和政府政策的吸引下，中科沃土基金愿意把公司总部迁往南海，让南海成为首个拥有公募基金牌照的区县，为广东金融高新区的发展添砖加瓦。”中科沃土基金管理有限公司董事长胡冬辉向与会嘉宾描绘了中科沃土和广东金融高新区的合作蓝图，言语中充满期待。活动上，中科沃土基金管理有限公司签约进驻千灯湖创投小镇，成为首家落户地级市的公募基金。引入多个数据、研发中心项目作为广东金融强省战略七大基础性平台之首的广东金融高新区，自成立以来便着力引进金融机构数据中心、研发中心等后台项目，目前已成为辐射亚太的金融大数据中心。此次签约落户的银联商务粤港澳大湾区中心、中国工商银行集约运营中心（佛山）、广州银行后台数据中心等项目就是这方面的代表。记者了解到，银联商务将在广东金融高新区部署粤港澳大湾区战略，计划设立银联商务粤港澳大湾区建设中心、数据中心、业务处理中心；广州银行后台数据中心涵盖金融科技研发、总部后台数据中心、信用卡后台服务中心、运营中心、客户服务中心、培训中心等部门，人员总规模预计超2000人；中国工商银行集约运营中心（佛山）则填补了广东金融高新区国有四大行后台服务基地的空白。广东省地方金融监管局副局长倪全宏表示，目前广东金融高新区核心区已成功吸引中国人保南信息中心、广发金融中心、友邦金融中心、汇丰环球营运中心、毕马威全球共享服务中心、海晟金融租赁等项目864个，累计投资规模超1329亿元，吸引金融白领人才数量超6万名，涵盖银行、保险、证券、服务外包、私募创投、融资租赁、科技金融等高端服务业态，已初步建成国际金融后台基地。广东金融高新区管委会副主任、佛山市南海区副区长乔吉飞表示，在国际金融后台建设上，将推动金融后台服务基地向高端化、智能化发展，建立与香港国际金融中心相配套的后台服务体系。股权投资支持绿色技术、乡村振兴为进一步提升广东金融高新区服务实体经济的能力，本次活动还引进了广东省中小企业融资平台、广东季华科技成果股权投资合伙企业（有限合伙）等项目。另一方面，本次活动也有绿色技术银行以及乡村振兴等项目签约落户。其中，广东省中小企业融资平台是省市区共建项目，目标前三年服务中小企业超百万户，汇集金融和核心企业超千家，实现融资服务超万亿，实现缓释中小微企业融资难、融资贵、融资慢等问题，帮助地方金融监管部门防范金融风险和提高管理效率。广东季华科技成果股权投资合伙企业（有限合伙）由季华实验室与粤科金融集团合作设立，总规模5亿元，主要投资于高端装备制造、新材料领域的高端科技成果转化项目，助力季华实验室出产的科技成果实现产业化。由粤科金融集团牵头发起的规模30亿元的绿色技术产业基金，服务粤港澳大湾区绿色科技产业。目前，绿色技术银行已获科技部批准筹建，将落户广东金融高新区千灯湖创投小镇。粤港澳大湾区绿色技术银行将搭建绿色技术评估中心、绿色金融中心、绿色工程中心及绿色技术转移转化综合示范区的“三中心一园区”支撑体系，建设绿色科技成果转化生态链。由广东省唯一的省级国有资本运营公司——恒健控股公司联合南方报业传媒集团发起的广东美丽乡村壹号股权投资合伙企业（有限合伙）也将落户千灯湖创投小镇，该基金规模30亿元，一期认缴出资额10亿元，专项投资美丽乡村项目，促进农村产业融合。乔吉飞表示，在现代产业金融中心建设上，将以服务实体经济为根本，不断完善金融服务科技产业融合创新体系及多层次资本市场体系。重点将千灯湖创投小镇打造成为“万亿级”创投小镇，提升融资租赁服务民营企业的效能，建设立足佛山、面向粤港澳大湾区的金融科技创新与应用高地。结合雄厚制造业基础，助力经济转型升级广东金融高新区引入的项目已经为未来经济高质量发展奠定基础。展望未来，广东金融高新区要如何更好服务区域自主创新和经济转型升级？“相信这些高质量项目的聚集与战略合作将为广东金融高新区高质量发展提供更强有力的支撑。”广东省地方金融监管局党组书记、局长何晓军表示，广东金融高新区是广东重要的金融发展平台，已发展成为功能齐全、内涵丰富的国际金融后台基地以及金融、科技、产业融合创新中心。何晓军对广东金融高新区的未来寄予厚望。他希望广东金融高新区在金融后台服务基础上大力发展现代金融科技，引进更多优质项目，在更高层次、更广领域加强与各金融机构的合作，实现互利共赢。同时，要更好发挥自身区位优势，依托深厚的实体经济基础，充分聚集调动社会资本，更好地服务区域自主创新和经济转型升级。佛山市人民政府副市长赵海表示，签约落户的项目与广东金融高新区的发展定位、发展需求十分吻合。佛山将在政策支持、政务服务、环境配套等方面全力做好跟进服务，积极为项目排忧解难，确保项目建设顺利推进。展望未来，将发挥好既有优势，充分结合佛山雄厚的制造业基础，集全市之力将其打造成为金融门类齐全、服务链条完善的现代金融产业集聚区，成为佛山金融发展的名片，助力区域经济高质量发展。第一财经广告合作，请点击这里此内容为第一财经原创，著作权归第一财经所有。未经第一财经书面授权，不得以任何方式加以使用，包括转载、摘编、复制或建立镜像。第一财经保留追究侵权者法律责任的权利。 如需获得授权请联系第一财经版权部：021-22002972或021-22002335；banquan@yicai.com。 文章作者 李隽  
金融资产劣变风险加大，银保监会喊话场外配资，周一A股如何走？,2020-07-12T23:07:34, “严禁银行保险机构违规参与场外配资，严查乱加杠杆和投机炒作行为，防止催生资产泡沫，确保金融资源真正流向实体经济中最需要的领域和环节。”7月11日，银保监会新闻发言人答记者问表示，要依法严厉打击资金空转和违规套利行为。监管喊话后，很多投资者担心A股市场是否会出现大幅下跌。对此，前海开源基金首席经济学家杨德龙认为，严查违规资金入市是为健康牛保驾护航，短暂的调整不会改变长期向上趋势。当日，银保监会新闻发言人还介绍了当前银行业不良资产、风险防范化解措施、资本补充和拨备情况等。给加杠杆降温上周A股市场涨势惊人，三大板指大幅上涨，走出一波“快牛”行情。7月11日，银保监会新闻发言人答记者问表示，督促引导资金“脱虚向实”。深入开展市场乱象整治“回头看”，依法严厉打击资金空转和违规套利行为。当前特别要强化资金流向监管，规范跨市场资金往来和业务合作，严禁银行保险机构违规参与场外配资，严查乱加杠杆和投机炒作行为，防止催生资产泡沫，确保金融资源真正流向实体经济中最需要的领域和环节。市场普遍关注，银保监会为加杠杆行为降温后，周一A股将如何走？“2015年的教训历历在目，一定不要通过场外配资来加仓加杠杆，这样的风险太大了。”杨德龙认为，市场已逐步从快牛阶段转向慢牛阶段，市场的上涨也会出现一定的波动，而不是单边上扬。此外，银保监会新闻发言人指出，当前面临的突出风险与挑战还包括：不良资产上升压力加大、部分中小金融机构问题较为严重、市场乱象有所反弹、违法违规行为时有发生等。该发言人表示，部分中小金融机构问题较为严重。有的银行、保险或信托公司，存在大股东操纵和内部人控制，公司治理机制失效，资产负债基础原本就比较脆弱，资产质量在疫情冲击下加速劣变，风险不断积累。此外，一些高风险影子银行死灰复燃，有的以新形式新面目企图卷土重来。企业、住户等部门杠杆率上升。部分资金违规流入房市股市，推高资产泡沫。“当前，我国银行业保险业整体运行稳健，风险可控，服务实体经济能力不断提升。但也必须看到，在未来一段时期内潜在风险依然较大，要保持清醒，冷静研判，未雨绸缪。”上述发言人在答记者问时表示。做好不良反弹应对准备受疫情冲击影响，实体经济运行遇到一定困难，金融资产劣变风险加大。银保监会数据显示，6月末，不良贷款余额3.6万亿元，比年初增加4004亿元，不良贷款率2.10%，比年初上升0.08个百分点；拨备覆盖率178.1%，比年初下降4个百分点。银保监会新闻发言人表示，今年初以来账面不良贷款余额虽然增加不明显，但由于经济下行在金融领域反映有一定时滞，加之宏观政策短期对冲效应等，违约风险暂时被延缓暴露，预计在今后一段时期不良贷款会陆续呈现和上升。国家金融与发展实验室副主任曾刚对第一财经记者表示，过去两三年整个银行业的不良率和不良贷款余额都是小幅上升的状态，这与经济下行是相对应的。疫情原因导致的信用风险上升压力客观存在，不能掉以轻心。随着经济“V型”反弹，银行的不良变化呈现“倒V型”，有显著加大的压力。不良贷款风险暴露也存在一定滞后性。疫情以来，银行业对企业实施延期还本付息等政策，在资产质量承压情况下，后期银行恐面临更大的不良贷款处置和资本消耗压力。银保监会新闻发言人指出，一些受疫情影响较重的行业和企业经营压力巨大，还款能力下降。虽然银保监会采取了临时延期还本付息、借新还旧、展期、修改贷款合同等对冲政策措施，但经营不善的企业本身存在的问题并没有根本解决，今后仍然面临较大违约风险。一些银行、企业和地方政府不愿主动暴露不良，有的甚至故意粉饰和隐瞒。这意味着监管必须做好不良贷款可能大幅反弹的应对准备。具体而言，银保监会新闻发言人指出，一要进一步做实资产分类，严格区分受疫情影响出现困难的企业和本身经营风险较高的企业，对于后者，严格按规定确定资产分类，符合不良标准的必须划为不良，实质承担信用风险的其他表内外资产也应执行分类标准；二要继续加大处置力度，今年不良资产处置金额要在去年基础上合理增加，降低拨备覆盖率释放的资源必须全部用于处置不良；三要拓宽不良资产处置渠道，综合使用核销、清收、批量转让、债转股等手段，做到应核尽核，应处尽处。试点开展不良资产批量处置，总结经验后逐步推广。填拨备缺口覆盖风险从风险抵御能力来看，6月末，我国商业银行拨备覆盖率为178.1%，虽较年初有所下降，但仍远高于监管红线。不过需注意的是，虽然当前银行业资本和拨备整体比较充足，但分布并不均衡。一些机构，特别是部分中小机构资本、拨备水平较低，资金不实，且补充资本能力有限，渠道不多。曾刚认为，目前我国银行业整体拨备覆盖率、资本充足率充足，风险抵御能力较高。“有的银行用拨备隐藏利润，也有比较差的银行存在拨备缺口，面临的信用风险较大，但总体来讲是少数。”“一些机构拨备不达标，即便按照现阶段拨备覆盖率最低标准100%测算，银行机构仍有缺口合计超过3500亿元。若均摊到全年补足拨备缺口，这些机构利润增速将大幅降低，有的甚至为负。”银保监会新闻发言人指出。对此，银保监会表示，要及时填补拨备缺口，全面覆盖风险损失。拨备不达标的银行要制定计划，尽早达标。在当前特殊形势下，各银行要根据客户真实风险水平，按照预期信用损失法评估潜在风险，并据此计提拨备。切实补充资本。适当降低分红，不增加奖金，把有限的利润更多用于资本补充，提高风险抵御能力。第一财经广告合作，请点击这里此内容为第一财经原创，著作权归第一财经所有。未经第一财经书面授权，不得以任何方式加以使用，包括转载、摘编、复制或建立镜像。第一财经保留追究侵权者法律责任的权利。 如需获得授权请联系第一财经版权部：021-22002972或021-22002335；banquan@yicai.com。 文章作者 杜川  
制造业正成为数字经济主战场，资本看好哪些领域？,2020-07-12T21:59:51, 数字经济正成为我国经济新增长的核心动力，但较之服务业，我国工业、制造业与数字经济的融合发展还有更大的发展空间。中国信通院近日发布的《中国数字经济发展白皮书（2020年）》（下称《白皮书》）显示， 2019年，我国产业数字化增加值约为28.8万亿元，占GDP比重为29.0%。其中，服务业、工业、农业数字经济渗透率分别为37.8%、19.5%和8.2%。6月30日召开的中央全面深化改革委员会第十四次会议审议通过了《关于深化新一代信息技术与制造业融合发展的指导意见》，其中也强调了要以智能制造为主攻方向，提升制造业数字化、网络化、智能化发展水平。在自身发展需求和政策扶持的背景下，我国工业、制造业的数字化转型该如何展开？资本又有哪些动向？提升工业、制造业能级制造业正成为数字经济主战场。《白皮书》提到，设备数字化率和联网率持续提高，2018年，规模以上工业企业的生产设备数字化率、关键工序数控化率、数字化设备联网率分别达到45.9%、48.7%、39.4%。同时期工业企业数字化研发设计工具普及率达到68.7%，为深入推动制造业数字化转型提供了支撑。数字经济智库首席研究员胡麒牧在接受第一财经记者采访时称：“很多传统产业在蒸汽时代之前就存在了，到了互联网时代它们依然存在，并且规模仍在不断增大。新技术的变革不断地改造这些产业的组织形式，然后促进其进一步发展，这种技术升级的投资需求是很大的。”胡麒牧表示，现在包括钢铁、能源、化工、矿业等，这些领域的技术升级投资规模很大。“比如阿里、腾讯都在为钢厂打造智能制造，华为也正在进行智能矿山项目，目的就是要将智能化的设备、系统嵌入到采购、生产、销售、库存管理等全产业链流程中。”与此同时，工业互联网的融合带动效应也有了初步显现，其应用范围已由制造业延伸到建筑、能源、交通、医疗、智慧城市等领域，并不断向一二三产其他相关领域拓展。《白皮书》显示，2019年，我国工业互联网产业经济增加值规模为2.13万亿元，同比实际增长47.3%，其中，工业互联网核心产业规模为5361亿元，工业互联网融合带动的经济影响规模达到1.6万亿元，工业互联网对经济发展的促进作用正逐步显现。投资机构关注工业智能投资机构也在积极布局数字经济在工业领域的赛道。在2020世界人工智能大会的投融资主题论坛上，多位投资人都给出了自己的选择方向。CMC资本创始合伙人黎瑞刚表示：“最近我们比较关注工业智能领域，其中的切入点便是‘设计’这个角度。我们意识到设计可能是接下来推动整个工业智能柔性生产、个性化生产的重要环节及引擎。”在经纬中国创始管理合伙人徐传升看来，随着技术的不断深入，机构应该开始更多地关注传统工业领域的转型。一些基于大数据所产生的应用场景，绝大部分均已有资本涉足，安防、医疗、教育等领域甚至已基本饱和。“根据工业互联网的应用场景，我们也参与投资了‘工业机器人自动货仓配置’的项目，它可以通过人工智能方式来调配货运、仓库储藏。我认为这几个领域机会无限。”徐传生说。“应用场景驱动代表了需求驱动。”胡麒牧向记者分析，数字经济的应用场景基本可以分为两大类，“一类是以消费终端为导向。这些场景聚焦在如何提升服务品质、消费体验，更加智能化地处理市场信号的反馈。另一类则以产业内部为导向。这些场景基本体现在如何优化供应链，提高产业运行效率和资源配置效率，进而提升产品的品质。工业互联网的应用场景大部分是后者。”而应用场景变现的可能性是资本是否投入的重要考量因素。“数字经济的发展过程中，一些技术听上去很先进，但如果在产业链中的位置不具备独特性的话，企业的变现就会变得很困难。” 北极光创投的创始合伙人邓锋说。其中，芯片是资本普遍看好的领域。邓锋表示：“芯片不仅是基础技术，它还带有应用场景，包括芯片应用究竟在边缘，还是云计算，又或是终端，这些都要很清晰。”他介绍，目前他们投资的芯片企业包括了芯片开发设计、车载物联网、可编程终端等领域。同时，半导体是制造业数字化转型的重要技术支撑，也拥有政策的大力扶持。“目前，从原料生产到光刻机，再到软件设计工具、测试仪器、生产工艺流程等，中国与全球领先水准的差距仍然非常大。”联想创投集团总裁管理合伙人贺志强说。但胡麒牧表示，资本市场改革为半导体产业发展带来新的历史机遇，比如科创板的设立就是为解决高新技术产业的融资和发展服务的。“从半导体产业链上来看，我们在晶圆材料、半导体制造设备上都还有较大发展空间，解决这些领域的卡脖子问题，才能实现芯片产业的自主自强。”第一财经广告合作，请点击这里此内容为第一财经原创，著作权归第一财经所有。未经第一财经书面授权，不得以任何方式加以使用，包括转载、摘编、复制或建立镜像。第一财经保留追究侵权者法律责任的权利。 如需获得授权请联系第一财经版权部：021-22002972或021-22002335；banquan@yicai.com。 文章作者 邹臻杰  
国务院首次发文严管医保基金！医院管理迎来哪些变化,2020-07-12T21:58:30, 继2019年全国打击骗保行动追回百亿元医保基金之后，医保基金监管迎来了再一次的升级，高压严管将成为未来医保基金监管的主旋律。近日，国务院办公厅印发了《关于推进医疗保障基金监管制度体系改革的指导意见》（下称“意见”），这是我国第一部国家层面的医保基金监管文件。与此配套的《医疗保障基金使用监督管理条例》也已由国家医保局起草完毕，并完成了向社会公开征求意见的程序，近期被列入了国务院2020年立法工作计划。医改专家、陕西省山阳县卫生健康局副局长徐毓才对第一财经记者表示，国家层面“防骗保”文件的层层加码，无疑会对医疗行为和医疗机构造成巨大影响。目前，医院管理远远跟不上基金监管的要求，医疗服务行为还很不规范，有意无意违反规定的行为非常普遍。所以医院和医生方必须对医保基金监管升级的动向高度重视。从地方的情况来看，国家医保局、国家卫健委两部门近日也下发文件，决定在全国范围内开展医保定点医疗机构违规使用医保基金行为专项治理。进入7月以来，广东、山东、安徽等省份相继响应国家政策，开启了新一轮的整治行动。打击骗保的高压态势2020年4月，中央全面深化改革委员会第十三次会议审议通过了上述意见。意见提出，要加快推进医保基金监管制度体系改革，构建全领域、全流程的基金安全防控机制，严厉打击欺诈骗保行为，主要目标是到2025年基本建成医保基金监管制度体系和执法体系，实现医保基金监管法治化、专业化、规范化、常态化。广西柳州市医保中心负责人蓝志成对第一财经记者表示，意见出台表明这两年打击骗保的行动上升到了国务院层面，国家通过不断建立并完善医保基金的监管机制，将对骗保行为长期保持高压态势。国家医保局自成立以来，一直将基金监管作为首要任务之一。从2018年下半年国家医保局会同国家卫健委等部门开展打击欺诈骗取医疗保障基金专项行动以来，取得了一定的效果。国家医保局发布的《2019年全国医疗保障事业发展统计公报》显示，全年各级医保部门共检查定点医药机构81.5万家，全年共追回资金115.56亿元。截至2019年，我国医保基金的支出规模已经达到了2万亿元，但其中“跑冒滴漏”的数量是多少尚无准确的比例。在几年前的手工审核时代，曾有地方医保局局长估算，这一比例在10%左右。近年来，随着医疗电子化监管力度的加强，“跑冒滴漏”的数量也在减少，然而由于骗保多点散发的特征，监管的难度很大，追回的资金也非常有限。意见称，受监管制度体系不健全、激励约束机制不完善等因素制约，医保基金使用效率不高，欺诈骗保问题普发频发，基金监管形势较为严峻。全国人大常委、中国人民大学教授郑功成表示，当前我国医保制度体系尚未最终成熟、定型，医保领域中存在的各种违法违规现象并不罕见，医保基金成了一些机构与个人分而食之的“唐僧肉”。加快健全医保基金监管制度体系，已成为切实维护医保基金安全，促使我国医保制度尽快走向成熟、定型的紧迫任务。医保智能监控走进医院从医保部门近年来通报的骗保案例来看，定点医疗机构的违规行为主要包括超标准收费、重复收费、分解收费、串换项目收费；虚增医疗服务、伪造医疗文书票据；超医保支付范围（限定）结算；挂床住院、诱导住院、不合理住院、不合理诊疗等。欺诈骗保问题普发频发的主要原因之一是医疗服务的专业性还不够，医保与医疗之间存在明显的信息不对称，医保基金监管的难度很高。蓝志成表示，医保监管是个非常专业的工作，如果医保部门要做到“不任性，讲科学地来治理”，就必须要有强大的医疗专业队伍，而现实中医保部门的这类人才是非常缺乏的。技术的进步可以在一定程度上弥补人才不足带来的短板。清华大学医疗服务治理研究中心副主任妥宏武对第一财经记者表示，意见提出的推进监管制度体系改革的多项措施中，全面建立智能监控制度是一大亮点。意见提出，建立和完善医保智能监控系统，加强大数据应用。加强对定点医疗机构临床诊疗行为的引导和审核，强化事前、事中监管。加快建立省级乃至全国集中统一的智能监控系统，实现基金监管从人工抽单审核向大数据全方位、全流程、全环节智能监控转变。意见的保障措施里也提到，完善医保对医疗服务行为的监控机制，将监管对象由医疗机构延伸至医务人员，将监管重点从医疗费用控制转向医疗费用和医疗服务绩效双控制。妥宏武表示，这意味着今后医保局将通过智能监控系统在线监管医疗机构及医生的诊疗行为，并能设置规则进行事前引导和提醒。同时，将监管对象延伸至医务人员，说明今后医保局将利用智能监控系统直接嵌入医生工作站，能够实现实时在线监控与审核。此外，意见提出监控重点不仅仅局限于费用，而是和医疗服务绩效结合起来。这意味着今后对医疗机构的医保监管将既包括控费，也包括提高医保基金使用效率、医疗质量与安全性等综合目标。从严从重处罚骗保单位和个人意见要求，加大对欺诈骗保行为的惩处力度。各相关部门要按照法律法规规定和职责权限对有关单位和个人从严从重处理，并建立健全打击欺诈骗保行刑衔接工作机制。国家医保局的数据显示，2019年，查处违法违规违约医药机构26.4万家，其中解除医保协议6730家、行政处罚6638家、移交司法机关357家；各地共处理违法违规参保人员3.31万人，暂停结算6595人、移交司法机关1183人。7月10日，国家医保局曝光台首期曝光了5例骗保的典型案件。地方医保部门对这些案例均采取了顶格处理的措施，包括追回医保基金，处以2到3倍的罚款，解除医保服务协议，并移送司法机关处理。与查处医疗机构相比，如何处理欺诈骗保的个人一直是令医保部门“头疼”的问题，比如在执法司法部门不好进行衔接，暂停骗保人的医保待遇也存在着阻碍。对此，意见提出从严从重处理个人、对欺诈骗保情节严重的个人纳入失信联合惩戒对象名单等措施将有助于改变上述现状。近日，北京市医保局、北京市公安局联合通报的8起欺诈骗保典型案例中有2起参保人员违规案例，北京市对于骗保人采取了判刑、罚款、锁卡停卡等较为严厉的处罚措施。通报称，参保人员魏某、王某等通过持多张社保卡重复开药并倒卖药品等方式骗取医保基金，被法院判处缓刑、有期徒刑6到7个月不等，退赔医疗保险基金损失，并分别处罚金1万元，医保部门给予停卡三年和锁卡处理；参保人员张某使用杜某社保卡冒名住院骗取医保基金，医保部门给予杜某停卡三年处理，公安机关已对二人刑事拘留。徐毓才表示，由于我国的医疗服务行为缺乏循证医学依据，医疗服务行为还很不规范，有意无意违反规定的行为非常普遍。目前医疗机构最担心的是执行政策时将监管变成简单的处罚，监管者应该注重提高监管能力和服务能力。第一财经广告合作，请点击这里此内容为第一财经原创，著作权归第一财经所有。未经第一财经书面授权，不得以任何方式加以使用，包括转载、摘编、复制或建立镜像。第一财经保留追究侵权者法律责任的权利。 如需获得授权请联系第一财经版权部：021-22002972或021-22002335；banquan@yicai.com。 文章作者 郭晋晖  
